"Classification","xDim","yDim"
"CD3: CD8",223.82,3.628
"Neither",246.04,3.41
"CD3: CD8",271.67,5.749
"CD3",320.1,4.153
"Neither",386.58,3.261
"Neither",455.59,2.879
"CD3: CD8",149.96,4.465
"Neither",209.03,3.045
"CD3: CD8",259.79,6.343
"Neither",284.02,5.179
"CD3",488.9,4.607
"CD3: CD8",500.22,3.998
"Neither",119.5,3.26
"CD3",215.68,3.728
"CD3",358.37,4.918
"CD3",233.32,4.272
"CD3: CD8",337.9,4.409
"Neither",447.01,5.51
"Neither",131.62,4.258
"CD3",370.87,6.158
"CD3",169.37,7.386
"Neither",469.22,7.515
"CD3",190.17,10.79
"Neither",574.72,8.76
"Neither",380.27,6.393
"Neither",433.78,7.444
"CD3",508.76,9.157
"CD3: CD8",178.76,7.716
"Neither",121.44,10.01
"Neither",455.44,11.65
"Neither",225.63,12.3
"CD3",342.76,9.003
"CD3: CD8",240.16,11.67
"CD3: CD8",412.24,11.78
"Neither",153.11,11.89
"Neither",518.9,10.77
"Neither",481.16,13.21
"CD3",161.43,13.3
"CD3: CD8",131.03,14.95
"CD3",350.89,12.05
"Neither",337.1,13.24
"Neither",368.37,13.6
"Neither",384.56,15.4
"PanCK",73.9,14.68
"CD3",257.06,16.07
"Neither",432.43,15.49
"Neither",174.68,15.29
"Neither",246.26,17.66
"CD3",277.7,17.18
"CD3: CD8",342.23,17.42
"Neither",232.95,17.69
"Neither",313.19,19.76
"Neither",361.96,18.77
"CD3: CD8",516.42,19.76
"CD3: CD8",228.16,21.69
"CD3",470.3,17.96
"Neither",209.6,21.94
"CD3",455.21,21.67
"CD3",501.84,20.68
"Neither",405.92,21.12
"Neither",349.71,21.89
"CD3: CD8",179.3,23.17
"CD3",190.56,23.3
"Neither",550.82,23.17
"Neither",98.74,23.56
"CD3",157.91,22.3
"Neither",238.79,23
"CD3",393.38,24.5
"CD3",420.48,23.18
"Neither",478.7,24.95
"Neither",251.16,24.5
"Neither",430.34,21.7
"CD3",468.42,23.24
"CD3: CD8",221.3,23.46
"CD3: CD8",446.05,22.52
"CD3: CD8",201.1,28.28
"CD3",325.92,24.51
"Neither",534.7,25.33
"CD3: CD8",380.46,27.51
"CD3",338.77,25.32
"PanCK",55.01,23.5
"Neither",275.21,29.06
"CD3",437.5,29.73
"Neither",463.65,25.24
"PanCK",48.25,27.3
"CD3: CD8",148.04,27.87
"PanCK",58.4,29.04
"Neither",237.45,29.75
"CD3",332.33,28.92
"CD3",412.7,31.36
"Neither",501.11,29.13
"CD3",348.89,29.13
"CD3",406.13,28.8
"Neither",447.05,32.59
"Neither",484.34,30.43
"CD3: CD8",182.83,32.75
"CD3: CD8",317.65,31.74
"CD3",223.3,31.03
"CD3",466.62,31.4
"Neither",242.06,38.86
"CD3: CD8",397.41,32.78
"CD3: CD8",456.2,32.21
"CD3: CD8",212.32,31.99
"CD3: CD8",355.33,33.07
"PanCK",29.82,33.58
"Neither",113.18,34.11
"CD3",265.44,35.08
"CD3",336.73,33.4
"PanCK",39.45,33.45
"CD3",310.47,32.65
"CD3: CD8",325.97,37.26
"CD3",50.1,35.87
"Neither",132.24,36.66
"CD3: CD8",370.98,34.78
"Neither",501.2,36.86
"CD3",84.94,35.03
"Neither",553.34,36.74
"CD8",377.99,37.66
"CD3: CD8",385.98,35.67
"CD3",66.63,38.85
"Neither",215.99,39.51
"CD3",309.6,39.02
"CD3: CD8",402.49,38.18
"Neither",150.25,38.12
"CD3",338.53,39.77
"Neither",476.56,40.95
"Neither",460.34,38.4
"CD3",91.52,40.31
"CD3",223.79,39.82
"CD3",331.53,39.53
"CD3: CD8",363.52,39.62
"Neither",424.24,39.12
"CD3: CD8",231.15,41.75
"CD3: CD8",392.6,42.11
"PanCK",33.86,41.61
"PanCK",99.06,39.28
"CD3",465.79,43.54
"Neither",295.97,40.24
"CD3: CD8",347.58,44.13
"CD3: CD8",407.09,42.42
"PanCK",14.54,41.66
"CD3: CD8",452.78,41.64
"CD3",48.16,41.36
"CD3: CD8",172.29,43.09
"CD3: CD8",414.4,41.53
"PanCK",22.89,42.68
"CD3",303.98,41.25
"Neither",317.56,42.48
"CD3",57.12,42.31
"PanCK",81.8,42.75
"PanCK",41.73,42.66
"CD3",441.84,43.11
"CD3",73.23,44.45
"Neither",248.78,44.73
"CD8",382.63,43.74
"CD3",271.11,45.49
"CD3",368.34,46.75
"Neither",504.38,46.06
"PanCK",4.105,46.39
"CD3: CD8",97.18,48.41
"CD3: CD8",358.1,49.13
"Neither",569.88,47.73
"CD3",48.8,47.73
"CD3",106.13,47.53
"CD3",59.49,51.01
"CD3",301.81,48.43
"CD3",333.23,49.04
"Neither",510.71,49.1
"CD3",67.35,52.04
"CD3",409.96,48.89
"PanCK",29.57,48.75
"Neither",545.54,52.52
"CD3: CD8",87.9,50.01
"CD3: CD8",290.43,50.36
"CD3: CD8",454.16,49.83
"PanCK",12.03,49.07
"PanCK",38.13,49.42
"CD3: CD8",313.18,50.47
"Neither",227.66,51.75
"CD3",325.63,50.2
"CD3",434.98,52.17
"PanCK",80.93,53.41
"CD3",379.04,50.85
"CD3: CD8",394.51,51.37
"CD3: CD8",417.5,51.32
"CD3: CD8",342.68,53.95
"Neither",534.67,52.06
"PanCK",22.22,52.66
"CD3",365.97,54.49
"CD3",445.55,53.2
"Neither",249.89,55.04
"CD3",273.98,55.15
"CD3: CD8",387.93,55.7
"Neither",517.55,53.01
"PanCK",9.293,53.67
"CD3: CD8",404.78,53.11
"PanCK",3.699,55.84
"PanCK",44.08,54.48
"CD3: CD8",399.44,54.76
"PanCK",52.42,56.06
"CD3",467.52,56.47
"PanCK",70.86,58.98
"CD3",92.83,57.44
"CD3",241.03,58.29
"PanCK",16.63,57.03
"PanCK",32.57,55.82
"CD3",302.42,59.36
"CD3: CD8",379.84,58.69
"CD3",412.39,60.12
"CD3",101.61,57.44
"Neither",479.31,57.67
"Neither",285.12,59.28
"CD3: CD8",314.82,59.66
"Neither",558.45,62.95
"CD3",355.25,59.99
"PanCK",77.17,61.33
"CD3",211.24,58.93
"Neither",518.96,61
"PanCK",41.58,60.72
"Neither",204.25,62.5
"CD3: CD8",333.78,61.05
"CD3",439.32,61.19
"Neither",293.03,59.65
"PanCK",63.27,61.67
"CD3",367.75,61.56
"PanCK",27.37,60.64
"Neither",269.27,62.95
"Neither",322.6,61.3
"CD3: CD8",373.79,63.15
"Neither",545.13,64.07
"PanCK",87.72,62.61
"PanCK",35.37,63.29
"PanCK",57.09,63.26
"Neither",493.75,60.7
"CD3",399.33,62.51
"PanCK",97.41,63.67
"PanCK",11.49,63.6
"PanCK",5.54,63.04
"PanCK",17.44,64.4
"PanCK",49.4,64.89
"PanCK",24.28,65.58
"Neither",234.7,67.43
"CD3",255.96,69.33
"CD3",352.66,68.7
"CD3: CD8",388.75,69.7
"CD3",381.2,66.67
"PanCK",82.03,68.22
"CD3",343.63,68.95
"CD3",470.37,67.77
"Neither",509.1,68.52
"CD3",103.97,66.37
"CD3",495.7,67.3
"CD3",487.69,71.31
"PanCK",70.36,70.41
"Neither",184.77,68.2
"PanCK",30.84,69.53
"CD3: CD8",334.38,70.92
"CD3",422.29,69.55
"CD3: CD8",373.65,70.38
"PanCK",1.859,68.7
"PanCK",40.79,69.45
"PanCK",59.08,72.31
"Neither",297.58,70.98
"CD3: CD8",436.16,72.05
"PanCK",100.1,69.84
"CD3",324.18,71.79
"Neither",126.68,71.73
"CD3",399.46,70.99
"PanCK",6.879,72.32
"PanCK",20.62,72.22
"PanCK",93.46,71.22
"Neither",286.1,72.37
"PanCK",12.76,72.75
"Neither",192.28,72.88
"Neither",542.39,73.85
"Neither",225.65,74.08
"CD3: CD8",460.6,73.59
"PanCK",76.65,74.57
"PanCK",86.6,74.03
"PanCK",50.88,76.23
"PanCK",100.23,74.55
"Neither",166.07,75.28
"CD3: CD8",405.93,74.61
"Neither",498.2,76.16
"PanCK",43.71,76.63
"CD3: CD8",303.35,77.45
"CD3",423.66,77.86
"CD3: CD8",453.11,75.92
"PanCK",35.52,76.69
"PanCK",64.4,78.94
"CD3",363.79,76.66
"Neither",472.94,77.98
"Neither",553.47,79.9
"PanCK",3.569,78.06
"CD3",28.48,76.9
"CD3: CD8",413.14,76.26
"CD3: CD8",374.21,79.71
"PanCK",99.47,81.28
"CD3",108.49,79.74
"PanCK",83.16,80.46
"CD3: CD8",349.75,78.47
"PanCK",76.49,80.76
"CD3",388.05,81.02
"CD3: CD8",409.43,81.42
"Neither",509.82,79.63
"Neither",540.6,80.46
"PanCK",12.34,80.98
"CD3: CD8",399.32,84.66
"PanCK",20.79,81.99
"CD8",444.66,79
"PanCK",90.94,80.85
"CD3",332.79,82.04
"CD8",451.04,82.54
"Neither",202.5,82.96
"CD3: CD8",461.86,82.2
"CD3: CD8",343.57,82.4
"Neither",135.4,83.12
"PanCK",1.846,85.88
"PanCK",68.33,84.45
"PanCK",35.5,85.54
"Neither",266.81,85.68
"CD3: CD8",362.68,84.38
"Neither",506.5,84.95
"Neither",314.76,84.94
"PanCK",42.83,85.67
"Neither",442.07,86.09
"PanCK",8.474,86.02
"Neither",282.79,84.96
"PanCK",56.82,88.62
"Neither",541.44,87.98
"PanCK",27.46,88.42
"CD3",89.07,86.63
"Neither",467.9,88.13
"CD3: CD8",247.59,84.47
"CD3",351.93,87.03
"PanCK",49.85,86.36
"Neither",499.2,89.04
"PanCK",75.86,88.38
"CD3: CD8",417.67,89.89
"Neither",237.25,88.39
"Neither",303.29,90.17
"CD3: CD8",368.95,87.49
"PanCK",85.62,90.01
"PanCK",94.41,88.03
"CD3",341.87,89.51
"CD3: CD8",458.22,88.86
"Neither",478.42,90.33
"Neither",244.26,91.27
"Neither",286.93,91.19
"CD3",326.33,89.07
"Neither",584.36,90.29
"Neither",564.86,91.82
"CD3",250.45,94.13
"CD3: CD8",387.08,91.08
"CD3",106.47,90.22
"CD3",334.04,93.18
"CD3: CD8",375.18,91.32
"Neither",506.37,91.95
"PanCK",69.51,93.92
"Neither",160.25,91.42
"CD3",97.98,93.6
"Neither",431.16,93.9
"CD8",364.68,91.64
"Neither",487.04,92.71
"PanCK",13.74,95.24
"CD3: CD8",397.82,94.55
"CD3",46.23,93.46
"PanCK",3.844,95.48
"CD3",40.15,93.22
"CD3",438.92,95.44
"CD3: CD8",455.16,93.72
"PanCK",21.78,93.73
"PanCK",33.83,95.52
"PanCK",80.02,95.25
"Neither",316.22,94.34
"Neither",353.4,95.21
"Neither",540.57,99.05
"Neither",361.77,96.32
"CD3",261.01,96.74
"CD3",63.27,96.41
"Neither",466.59,97.39
"CD8",236.82,96.91
"CD3: CD8",450.27,97.14
"Neither",503.33,98.22
"CD3",340.74,98.82
"Neither",327.16,98.61
"PanCK",87.97,98.59
"CD3: CD8",384.27,99.38
"CD3",420.16,101.66
"PanCK",28.58,102.21
"PanCK",40,103.14
"CD3: CD8",308.25,101.64
"CD3",370.6,101.42
"CD3",135.33,101.35
"PanCK",20.69,102.94
"CD3",346.96,102.7
"PanCK",57.99,103.75
"Neither",243.72,103.44
"PanCK",50.32,103.92
"CD3: CD8",397.39,104.3
"CD3",77.49,105.56
"PanCK",67.64,105.78
"CD3",171.32,105.52
"CD3",407.37,103.87
"Neither",502.61,104.74
"CD3",387.61,106.01
"CD3",484.37,105.04
"CD3",377.57,108.41
"Neither",430.27,105.46
"Neither",460.68,105.1
"PanCK",7.025,107.14
"CD3",353.93,106.22
"Neither",97.71,107.83
"Neither",587.18,111.8
"CD3: CD8",281.91,107.1
"CD3: CD8",444.99,108.67
"Neither",220.5,109.28
"CD3",365.79,108.47
"PanCK",16.82,112.31
"Neither",205.8,110.51
"Neither",526.58,110.94
"CD3",138.02,111.84
"Neither",117.35,112.68
"Neither",358.61,112.19
"Neither",457.31,112.07
"CD3",156.91,114.26
"Neither",267.16,112.76
"CD3",298.8,112
"CD3: CD8",344.03,113.01
"CD3",308.49,110.86
"PanCK",50.22,113.53
"CD3",130.13,112.95
"CD3: CD8",425.15,112.19
"Neither",212.2,113.68
"PanCK",41.49,113.67
"CD3",63.42,115.17
"PanCK",30.12,112.71
"Neither",185.84,115.79
"Neither",287.89,116.05
"CD3",411.79,114.2
"CD3",433.91,117.04
"CD3",452.01,116.75
"PanCK",36,117.12
"Neither",498.46,119.13
"PanCK",144.78,119.27
"CD3",305.9,118.63
"Neither",467.92,117.57
"Neither",84.08,118.33
"Neither",530.91,121.75
"Neither",199.51,120.64
"Neither",220,121.31
"Neither",363.25,119.12
"Neither",314.11,119.08
"PanCK",134.78,119.34
"CD3",350.72,121.8
"Neither",397.12,120.27
"CD3",407.94,120.9
"PanCK",6.12,120.62
"PanCK",16.09,122.82
"PanCK",29.32,122.81
"Neither",249.55,120.51
"PanCK",45.43,123.33
"PanCK",52.98,122.33
"CD3",95.53,122.87
"CD3",156.67,125.04
"Neither",509.89,120.93
"CD3",127.4,123.46
"CD3",452.5,125.65
"Neither",463.27,124.06
"CD3: CD8",438.56,125.91
"PanCK",136.23,128.07
"CD3",166.86,125.02
"CD3: CD8",106.18,124.97
"Neither",313.21,130.21
"Neither",246.66,129.36
"Neither",513.23,127.9
"Neither",392.3,127.41
"CD3",39.56,129
"PanCK",149.44,129.67
"PanCK",143.45,129.31
"CD3",408.88,129.59
"CD3: CD8",489.89,129.7
"CD3",171.76,130.69
"Neither",288.49,130.47
"PanCK",21.74,129.88
"Neither",99.07,133.17
"CD3",382.78,129.5
"CD3",120.73,132.13
"CD3",465.21,132
"Neither",533.66,132.32
"CD3",203.33,131.29
"CD3: CD8",433.16,131.83
"PanCK",32.36,131.86
"CD3",399.6,135.81
"CD3",179.04,135.2
"CD8",418.47,132.03
"Neither",506.74,134.24
"PanCK",129.24,134.7
"PanCK",3.16,132.61
"PanCK",163.02,134.02
"Neither",367.02,134.65
"CD3: CD8",335.3,135.6
"CD3: CD8",426.29,137.2
"Neither",64.29,135.3
"PanCK",155.23,136.12
"Neither",496.88,135.34
"PanCK",25.41,137
"PanCK",52.53,136.5
"CD3",385.63,137.42
"Neither",71.75,136.97
"PanCK",142.3,137.55
"PanCK",40.53,139.21
"CD3: CD8",421.53,138.64
"CD3: CD8",436.5,139.99
"Neither",532.38,139.9
"CD3: CD8",414.17,140.1
"PanCK",134.2,144.75
"Neither",467.22,141.31
"Neither",82.78,141.15
"Neither",324.98,139.12
"CD3",174.73,140.22
"CD3",489.98,141.37
"PanCK",164.54,143.36
"Neither",347.27,141.17
"Neither",391.64,142.09
"PanCK",5.843,143.17
"Neither",284.46,143.67
"PanCK",125.2,142.17
"PanCK",153.41,144.22
"CD3",26.56,143.79
"Neither",584.37,146.12
"CD3: CD8",339.26,142.71
"CD3",407.25,144.96
"PanCK",15.01,144.08
"CD3",356.17,146.32
"CD3",144.37,145.72
"CD3: CD8",269.44,145.08
"PanCK",174.45,146.83
"CD3: CD8",430.59,147.34
"CD3",327.97,146.74
"CD3",445.22,148.17
"CD3",114.03,146.88
"Neither",214.78,146.59
"CD3: CD8",416.82,147.94
"Neither",576.4,150.78
"Neither",336.61,149.67
"CD3",18.94,151.18
"Neither",56.21,148.38
"Neither",70.16,151.56
"CD3",185.13,148.88
"CD3",401.17,148.63
"Neither",48.08,149.68
"Neither",482.04,149
"CD3: CD8",385.9,148.94
"PanCK",120.69,156.88
"Neither",294.46,153.49
"PanCK",127.11,151.01
"Neither",60.99,152.48
"CD3",104.72,152.32
"CD3: CD8",192.71,154.52
"PanCK",147.7,154.13
"Neither",218.44,157.18
"PanCK",178.6,154.51
"CD3: CD8",395.03,153.3
"CD3: CD8",407.75,154.59
"Neither",374.15,154.19
"PanCK",138.54,154.85
"CD3: CD8",438.08,155.64
"CD3: CD8",359.49,156.82
"CD3: CD8",388.16,156.14
"CD3: CD8",478.21,156.09
"Neither",581.53,163.26
"PanCK",159.87,157.6
"PanCK",170.08,159.68
"Neither",488.44,155.77
"Neither",532.5,157.47
"CD3",112.9,156.39
"Neither",564.99,155.89
"PanCK",129.4,157.28
"Neither",516.99,159.19
"Neither",500.62,155.9
"CD3: CD8",347.95,158.85
"CD3: CD8",432.52,157.28
"PanCK",6.96,158.03
"CD3: CD8",400.7,160.05
"Neither",245.57,158.04
"Neither",495.44,162.6
"Neither",506.77,159.26
"PanCK",104.76,159.83
"CD3: CD8",382.06,159.38
"CD3: CD8",445.32,158.98
"CD3: CD8",472.75,161.47
"PanCK",185.96,160.18
"Neither",45.73,160.12
"PanCK",147.99,163.07
"CD3",426.32,161.02
"Neither",563.43,162.49
"PanCK",136.85,164.92
"PanCK",33,163.05
"CD3",289.05,164.25
"CD3: CD8",318.12,164.46
"Neither",484.98,163.9
"CD3: CD8",392.14,163.78
"CD3",92.61,166.66
"CD3",197.03,162.59
"PanCK",127.68,165.76
"CD3: CD8",372.55,164.33
"CD3",411.63,165.39
"CD3: CD8",444.24,166.48
"PanCK",9.235,165.6
"CD3",180.04,163.92
"Neither",357.41,165.66
"PanCK",100.68,165.12
"PanCK",113.83,167.31
"PanCK",162.23,167.78
"CD3: CD8",381.71,166.36
"PanCK",153.83,170.1
"CD3",188.02,169.04
"CD3: CD8",398.84,169.59
"Neither",261.32,168.77
"PanCK",195.32,170.84
"CD3: CD8",362.39,171.28
"PanCK",174.78,171.39
"PanCK",181.25,170.24
"PanCK",23.85,170.46
"PanCK",107.1,171.61
"CD3",203.44,171.31
"CD3",344.11,171.1
"Neither",491.02,172.4
"CD3",386.82,172.54
"CD3: CD8",374.12,174.51
"Neither",39.48,171.52
"PanCK",167.61,173.86
"Neither",408.85,174.12
"PanCK",7.581,173.65
"PanCK",85.4,172.1
"Neither",307.14,172.58
"Neither",455.88,172.57
"Neither",466.65,172.9
"Neither",480.63,174.37
"Neither",49.18,175.62
"CD3: CD8",440.65,174.9
"Neither",582.9,177.53
"PanCK",129.3,176.35
"CD3: CD8",430.77,176.18
"CD3",80.31,176.7
"PanCK",139.92,176.55
"CD3: CD8",420.89,175.31
"PanCK",101.24,177.56
"Neither",244.14,175.67
"Neither",401.83,177.77
"PanCK",182.58,176.68
"Neither",499.78,177.09
"PanCK",116.7,178.71
"PanCK",91.81,179.14
"CD3: CD8",366.38,177.24
"PanCK",160.25,179.3
"Neither",452.56,177.31
"CD3",198.35,182.4
"CD3",205.97,179.43
"Neither",483.76,183.2
"Neither",540.81,179.43
"CD3: CD8",363.22,181.83
"PanCK",70.71,182.22
"PanCK",149.98,181.96
"CD3",188.01,183.48
"CD3",24.07,180.93
"PanCK",173.87,183.03
"PanCK",259.92,182.65
"Neither",466.61,182.19
"Neither",379.36,183.69
"Neither",456.84,182.38
"PanCK",6.381,182.71
"Neither",393.11,183.13
"Neither",413.87,183
"Neither",330.6,181.99
"Neither",444.62,183.81
"Neither",357.26,183.9
"Neither",218.26,184.3
"PanCK",14.1,185.35
"PanCK",78.16,186.63
"PanCK",86.64,185.77
"CD3",63.03,184.35
"CD3",100.54,186.22
"PanCK",108.56,187.49
"PanCK",130.73,188.29
"Neither",433.01,187.63
"PanCK",54.2,186.74
"CD3",159.5,188.82
"PanCK",121.42,187.58
"Neither",522.13,186.31
"PanCK",208.32,187.79
"CD3",32.44,189.17
"PanCK",166.69,189.95
"Neither",326.89,188.09
"CD3",21.21,192.74
"PanCK",45.25,188.98
"CD3: CD8",369.47,190.73
"CD3: CD8",409.21,191.8
"Neither",453.92,190.87
"PanCK",182.42,191.9
"Neither",220.59,191.41
"PanCK",64.83,191.17
"CD3",140.5,190.84
"Neither",423.9,192.64
"Neither",516.96,196.28
"CD3: CD8",289.86,193.86
"PanCK",94.55,192.49
"PanCK",56.72,194.1
"PanCK",86.42,193.83
"CD3",192.55,194.03
"PanCK",74.23,194.9
"PanCK",114.92,195
"CD3",328.58,195.47
"CD3",360.25,194.68
"PanCK",7.055,196.05
"PanCK",102.47,195.8
"PanCK",41,197.75
"PanCK",154.07,196.61
"PanCK",177.35,197.41
"PanCK",35.35,195.55
"PanCK",134.5,197.22
"CD3: CD8",377.31,195.71
"CD3",386.64,194.86
"PanCK",171.47,195.06
"Neither",443.1,195.32
"Neither",508.14,197.22
"PanCK",64.24,198.13
"PanCK",48.34,200.81
"PanCK",143.27,199.42
"PanCK",164.62,200.24
"CD3: CD8",395.28,197.64
"PanCK",29.61,200.32
"CD3: CD8",436.11,200.46
"CD3",371.48,199.74
"PanCK",92.05,201.74
"CD3: CD8",401.73,203.06
"CD3",120.74,201.81
"CD3: CD8",411.42,201.83
"PanCK",149.04,201.45
"PanCK",84.05,202.36
"Neither",228.07,202.53
"CD3: CD8",389.52,204.11
"PanCK",76.84,204.07
"CD3",353.8,203.19
"CD3: CD8",446.5,204.17
"CD3",57.02,202.61
"CD3",364.34,204.06
"CD3",376.73,203.81
"PanCK",15.51,204.17
"PanCK",103.3,202.82
"PanCK",66.71,206.06
"PanCK",111.96,206.87
"PanCK",134.97,205.61
"PanCK",27.23,206.99
"CD3",158.62,207.59
"CD3",372.05,208.98
"CD3: CD8",417.93,207.97
"PanCK",4.04,208.4
"Neither",290.61,208.38
"CD3",462.07,207.38
"PanCK",147.7,208.16
"Neither",174.33,207.62
"PanCK",103.88,210.75
"CD8",431.92,209.18
"PanCK",56.42,208.82
"PanCK",215.62,208.85
"PanCK",92.2,210.85
"PanCK",97.64,208.65
"Neither",511.4,211.5
"CD3",37.08,210.43
"CD3",358.94,212.98
"PanCK",119.47,212.54
"Neither",588.07,213.02
"PanCK",45.98,212.68
"CD3",396.53,211.33
"CD3",69.35,215.98
"Neither",188.61,210.34
"PanCK",84.54,212.44
"PanCK",77.71,213.35
"PanCK",23.54,214.21
"PanCK",134.62,214.39
"PanCK",11.52,214.86
"CD3",207.64,215.76
"CD3: CD8",404.48,212.1
"Neither",324.65,215.2
"Neither",196.85,214.5
"CD3: CD8",498.96,214.06
"PanCK",58.74,215.45
"Neither",179.1,216.91
"Neither",518.33,215.81
"Neither",228.65,216.67
"CD3",427.42,217.42
"CD3: CD8",410.24,217.2
"Neither",441.07,217.2
"PanCK",148.17,217.14
"Neither",186.01,222.13
"PanCK",29.01,219.55
"Neither",464,219.9
"CD3",37.57,220.19
"CD3",51.37,218.96
"PanCK",109.55,219.7
"CD3",388.07,216.76
"Neither",526.05,218.57
"PanCK",90.34,218.52
"CD3",125.18,219.22
"CD3",397.82,219.22
"PanCK",140.44,219.01
"PanCK",98.61,220.07
"CD3",471.3,219.93
"CD3",78.87,223.79
"CD3: CD8",420.18,221.39
"PanCK",306.27,223.04
"Neither",454.06,220.57
"Neither",200.02,222.85
"CD3",236.89,221.48
"CD3: CD8",275.75,227.86
"CD3",365.44,223.95
"CD3: CD8",392.79,226.13
"Neither",542.9,223.89
"PanCK",9.32,223.83
"PanCK",18.71,225.44
"PanCK",86.98,225.2
"PanCK",117.84,224.79
"CD3",2.833,223.9
"PanCK",140.86,225
"PanCK",131.12,224.6
"CD3",413.66,228.04
"Neither",521.32,226.36
"Neither",439.41,226.63
"Neither",488.04,228.47
"PanCK",101.06,228.59
"Neither",194.08,229.07
"CD3",357.48,231.66
"Neither",448.46,228.16
"CD3: CD8",349.06,228.13
"CD3: CD8",468.99,231.56
"PanCK",92.96,226.91
"CD3",53.18,227.96
"Neither",458.35,232.31
"Neither",554.62,230.62
"PanCK",122.81,230.42
"PanCK",231,229.88
"PanCK",144.29,230.2
"Neither",38.74,229.92
"PanCK",108.07,232.82
"PanCK",133.85,231.31
"PanCK",4.89,230.96
"Neither",288.19,236.39
"CD3",380.26,230.36
"CD3",11.8,234.43
"CD3",87.38,233.92
"Neither",297.54,233.85
"CD3",217.26,232.58
"CD3",373.91,235.37
"PanCK",77.61,233.59
"CD3",240.47,235.99
"Neither",28.47,233.82
"Neither",516.29,236.35
"Neither",49.46,234.84
"PanCK",128.7,235.73
"Neither",389.28,234.96
"PanCK",115.33,237.22
"Neither",404.09,234.87
"Neither",441.62,234.68
"PanCK",223.36,236.18
"CD3: CD8",410.68,235.26
"Neither",58.64,237.71
"PanCK",139.83,239.58
"PanCK",95.06,239.72
"PanCK",148.01,236.58
"Neither",588.06,241.83
"PanCK",3.339,239.03
"PanCK",232.58,239.49
"Neither",503.61,237.76
"Neither",34.66,239.08
"CD3: CD8",416.39,237.71
"PanCK",262.43,241.79
"Neither",447.69,239.85
"PanCK",123.05,240.59
"PanCK",212.4,241.06
"Neither",436.13,240.07
"CD3",202.34,240.74
"Neither",530.98,239.94
"CD3",224.62,242.37
"CD3",251.93,241.3
"PanCK",79.44,242.06
"CD3: CD8",407.86,242.71
"CD3: CD8",454.5,244.11
"Neither",394.13,242.64
"CD3: CD8",323.4,245.71
"Neither",41.55,243.99
"PanCK",130.96,245.75
"CD3: CD8",381.91,243.23
"CD3: CD8",416.44,245.32
"PanCK",109.32,245.69
"Neither",463.18,246.83
"Neither",57.29,244.6
"CD3",430.56,247.51
"CD3: CD8",346.08,245.48
"CD3",191.3,244.85
"CD3",241.1,248.1
"Neither",518.57,246.08
"Neither",17.7,248.09
"PanCK",145.84,244.98
"PanCK",9.372,247.22
"Neither",474.67,246.69
"Neither",532.37,247.4
"Neither",28.15,246.78
"PanCK",87.58,246.84
"CD3",302.3,247.46
"CD3",199.51,249.29
"CD3",216.03,250.72
"PanCK",73.53,250.62
"Neither",444.09,250.35
"PanCK",140.13,251.06
"PanCK",227.31,248.56
"Neither",403.79,249.55
"CD3",158.84,250.21
"PanCK",119.97,251.24
"CD3",151.14,249.4
"PanCK",251.16,251.9
"Neither",590.24,256.36
"Neither",524.17,250.33
"PanCK",81.96,252.82
"PanCK",223.23,252.64
"Neither",467.01,253.89
"PanCK",188.96,252.44
"PanCK",111.7,253.43
"CD3",169.13,251.86
"PanCK",180.31,252.95
"PanCK",206.07,255.04
"PanCK",230.89,255.13
"Neither",36.95,253.35
"Neither",289.32,255.41
"Neither",422.48,253.84
"CD3",28.59,253.8
"CD3",22.05,255.79
"PanCK",125.74,256.02
"PanCK",152.75,259.31
"Neither",411.45,256.7
"Neither",511.58,255.78
"Neither",391.52,255.64
"PanCK",90.16,256.8
"PanCK",131.57,257.01
"PanCK",140.65,258.51
"CD3: CD8",344.61,255.75
"CD3: CD8",360.15,256.77
"Neither",527.67,258.2
"PanCK",174.47,258.94
"PanCK",197.58,257.17
"PanCK",61.74,259.44
"PanCK",236.66,260.67
"PanCK",166.81,260.12
"PanCK",188.46,259.24
"CD3",258.55,259.46
"CD3: CD8",315.13,258.54
"Neither",455.51,260.25
"PanCK",220,261.2
"PanCK",106.97,261.69
"PanCK",97.43,262.71
"PanCK",145.52,260.41
"PanCK",244.52,259.88
"PanCK",70.32,260.77
"PanCK",114.64,259.89
"Neither",27.95,263.19
"PanCK",16.78,262.01
"PanCK",160.67,260.68
"PanCK",193.39,261.78
"Neither",399.83,260.98
"CD3",249.74,262.86
"Neither",381.2,261.95
"Neither",336.06,260.5
"PanCK",133.46,264.77
"Neither",343.99,261.93
"Neither",390.85,262.82
"Neither",420.54,263.85
"CD3",117.33,266.97
"Neither",585.81,265.92
"CD3",47.34,264.44
"PanCK",76.61,267.31
"CD3",176.84,267.5
"CD3",204.21,264.24
"Neither",414.34,266.6
"PanCK",86.47,268.13
"PanCK",212.57,266.97
"CD3",303.51,268.88
"Neither",362.08,265.25
"Neither",428.95,266.23
"CD3",227.68,264.66
"Neither",462.33,265.72
"PanCK",125.76,268.03
"PanCK",157.43,268.42
"PanCK",185.83,266.19
"PanCK",337.91,266.21
"Neither",406.1,266.29
"Neither",478.5,266.84
"CD3",195.43,268.46
"PanCK",239.37,267.33
"CD3",312.84,268.72
"PanCK",57.38,268.16
"Neither",349.43,267.49
"PanCK",164.86,268.68
"Neither",523.13,268.67
"PanCK",253.14,269.35
"PanCK",141.57,270.39
"CD3",34.29,270.16
"Neither",390.71,269.54
"CD3",261.8,271.06
"Neither",501.6,270.07
"PanCK",51.33,272.75
"PanCK",229.81,271.22
"Neither",353.48,272.07
"PanCK",150.12,271.1
"CD3: CD8",450.32,272.87
"Neither",567.59,270.48
"PanCK",4.359,271.45
"PanCK",64.24,273.55
"PanCK",202.6,271.86
"Neither",340.15,272.57
"Neither",400.68,271.18
"PanCK",42.49,275.25
"CD3",170.31,273.48
"Neither",359.72,275.5
"CD3: CD8",425.08,274.56
"Neither",440.95,272.46
"PanCK",99.53,274.95
"CD3",243.14,274.19
"Neither",529.03,274.51
"PanCK",369.01,273.71
"CD3",397.19,277.07
"PanCK",131.92,275
"PanCK",216.23,275.65
"PanCK",223.17,275.01
"PanCK",184.07,276.4
"PanCK",235.82,276.31
"CD3",455.42,277.36
"CD3",409.99,275.59
"Neither",468.58,275.34
"PanCK",208.1,278.02
"CD3",249.29,278.26
"CD3: CD8",289.95,275.21
"PanCK",107.58,276.65
"CD3",164.76,278.77
"Neither",577.5,278.37
"CD3",72.09,276.1
"Neither",433.14,277.27
"CD3: CD8",417.91,278.31
"PanCK",121.73,278.44
"PanCK",196.39,278.17
"PanCK",153.39,279.32
"PanCK",88.54,279.56
"CD3",265.4,279.51
"PanCK",27.55,279.57
"CD3",113.91,278.66
"PanCK",18.56,280.49
"CD3",382.26,280.98
"CD3",460.58,280.23
"PanCK",54.71,281.02
"CD3",390.55,281.37
"PanCK",135.4,280.8
"PanCK",174.11,282.21
"CD3: CD8",292.03,284.72
"Neither",351.95,281.85
"Neither",518.47,281.23
"PanCK",256.81,283.15
"PanCK",141.08,283.88
"PanCK",230.32,283.43
"Neither",510.69,286.5
"PanCK",34.3,284.61
"PanCK",69.5,284.92
"PanCK",221.58,282.8
"PanCK",8.142,285.35
"CD3",128.71,289
"CD3: CD8",409.85,285.57
"PanCK",240.02,284.38
"PanCK",203.37,286.79
"Neither",368.8,286.76
"PanCK",184.47,285.77
"PanCK",213.67,287.72
"PanCK",114.75,288.29
"Neither",314.69,284.48
"PanCK",155.35,288.28
"PanCK",45.18,285.65
"CD3",193.02,287
"CD3",264.78,287.27
"Neither",397.97,286.67
"PanCK",165.79,287.61
"CD3",436.71,287.95
"PanCK",18.25,289.1
"CD3",56.22,287.91
"CD3: CD8",345.26,289.27
"PanCK",95.72,288.98
"PanCK",246.77,288.45
"CD3",221.82,291.25
"Neither",522,288.87
"CD8",297.67,291
"CD3",305,291.9
"Neither",379,294.09
"PanCK",145.81,292.71
"PanCK",175.23,291.1
"CD3",271.26,290.29
"PanCK",40.55,291.2
"CD3: CD8",335.27,291.49
"PanCK",24.61,293.35
"CD3: CD8",389.97,297.18
"PanCK",103.8,293.35
"PanCK",235.56,291.85
"PanCK",77.19,291.02
"PanCK",252.81,293.05
"Neither",314.92,292.91
"PanCK",53.37,296.04
"PanCK",185.73,294.85
"CD3",200.01,293.76
"CD3",137.25,294.22
"Neither",397.99,293.77
"CD3",66.67,295.3
"PanCK",159.96,296.78
"PanCK",260.55,295.38
"CD3",193.42,295.75
"PanCK",84.45,295.68
"CD3",432.58,299.85
"PanCK",169.18,297.23
"CD3",227.65,299.14
"Neither",514.09,299.17
"CD8",295.12,297.61
"CD3",273.36,298.47
"PanCK",8.723,298.92
"CD3: CD8",344.98,299.32
"Neither",471.05,299.1
"PanCK",179.59,299.96
"PanCK",245.68,298.3
"PanCK",40.7,300.69
"CD3",236.69,301.89
"PanCK",78.05,301.99
"CD3",422.05,299.23
"PanCK",149.04,300.8
"CD3",109.39,303.7
"PanCK",119.35,301.88
"PanCK",134.76,303.02
"Neither",554.75,302.11
"CD3",264.76,304.31
"PanCK",90.65,303.76
"PanCK",19.24,304.99
"CD3",213.44,302.73
"CD3: CD8",351.57,303.47
"CD3: CD8",442.53,304.11
"CD3",373.2,306.49
"PanCK",173.64,305
"CD3",249.14,306.24
"PanCK",166.23,308.29
"PanCK",361.45,306.5
"PanCK",155.39,306.81
"PanCK",52.92,308.38
"PanCK",70.02,307.41
"CD3",218.97,308.35
"CD3",241.07,307.06
"Neither",335.23,305.87
"Neither",382.98,309.14
"Neither",508.11,310.29
"PanCK",29.67,308.96
"CD3",452.41,308.3
"CD3",341.57,309.7
"CD3",425.54,307.59
"PanCK",256.23,308.66
"PanCK",143.19,308.61
"CD3",275.69,310.46
"PanCK",227.46,312.04
"PanCK",82.79,313.51
"CD8",353.1,311.64
"PanCK",129.61,313.42
"CD3: CD8",400.03,311.41
"Neither",417.84,311.67
"CD3",440.49,312.41
"Neither",317.85,313.14
"CD3",432.21,313.42
"PanCK",9.854,314.3
"CD3",424.23,315.69
"Neither",547.4,312.81
"PanCK",95.23,314.18
"CD3",265.79,313.11
"PanCK",236.72,315.11
"PanCK",159.08,315.25
"Neither",205.7,313.83
"Neither",189.98,314.28
"PanCK",142.07,317.28
"PanCK",150.88,315.47
"PanCK",246.32,314.22
"CD3",253.33,317.59
"CD3",451.3,316.73
"PanCK",66.93,318.29
"CD3",49.67,320.3
"PanCK",260.46,317.91
"CD3",328.24,319.6
"PanCK",112.5,317.16
"Neither",519.23,317.69
"CD3",167.22,318.04
"CD3",348.52,319.51
"CD3: CD8",394.85,318.47
"PanCK",243.79,321.72
"CD3",270.44,319.3
"Neither",507.78,319.75
"CD3",430.59,320.32
"PanCK",30.44,320.81
"Neither",466.81,320.13
"Neither",309.26,320.23
"Neither",196.74,319.23
"Neither",182.78,323.08
"Neither",209.17,322.17
"CD3",340.56,323.71
"PanCK",417.26,324.34
"Neither",481.1,323.24
"PanCK",436.1,323.05
"PanCK",155.31,324.55
"CD3",233.49,322.8
"Neither",402.33,322.21
"CD3",277.7,323.66
"PanCK",14.85,324.95
"PanCK",95.99,324.3
"CD3",164.83,322.75
"Neither",190.59,323.88
"PanCK",117.4,324.17
"PanCK",126.24,327.17
"PanCK",75.98,324.22
"CD3",260.85,325.39
"PanCK",199.96,326.53
"PanCK",226.62,326.77
"PanCK",248.65,328.14
"CD3",446.99,326.49
"PanCK",136.38,327.88
"PanCK",41.63,326.32
"PanCK",145.81,326.74
"CD3",270.44,327.27
"PanCK",107,327.55
"CD8",391.52,325.68
"PanCK",58.63,327.94
"CD3",163.77,330.22
"PanCK",236.99,329.85
"Neither",510.72,329.78
"PanCK",4.27,329.88
"CD3",404.78,328.82
"Neither",484.08,329.18
"PanCK",255.26,330.81
"Neither",326.85,329.51
"CD3",312.92,331.83
"PanCK",388.18,331.64
"CD3",410.35,329.53
"CD3",217.81,329.15
"PanCK",264.39,331.7
"CD3",280.57,333.38
"CD3",291.84,334.69
"PanCK",34.92,332.66
"Neither",192.36,333.07
"PanCK",367.21,332.26
"PanCK",95.24,335.19
"PanCK",153.59,334.06
"PanCK",214.46,337.61
"PanCK",242.22,335
"PanCK",270.21,335.83
"CD3",413.5,334.9
"PanCK",81.49,336.47
"CD3",223.72,335.24
"PanCK",107.69,337.06
"Neither",401.07,339.1
"PanCK",64.22,337.86
"PanCK",143.73,338.21
"CD3",351.93,336.9
"PanCK",169.39,337.42
"PanCK",52.25,339.12
"CD3",261.67,339.95
"Neither",428.73,336.7
"PanCK",12.54,339.34
"PanCK",252.11,338.74
"PanCK",23.52,338.46
"PanCK",229.29,339.95
"CD3",204.14,340.71
"PanCK",235.41,339.03
"Neither",478.07,340.47
"Neither",391.96,342.92
"PanCK",33.18,340.88
"PanCK",154.19,341.87
"PanCK",242.84,342.71
"Neither",467.78,340.64
"PanCK",71.78,342.28
"PanCK",116.7,343.35
"Neither",425.72,346.59
"PanCK",221.23,344.12
"CD3",282.3,342.95
"PanCK",39.92,345.05
"PanCK",272.29,342.78
"PanCK",491.95,345.22
"Neither",582.4,345.76
"PanCK",436.68,345.25
"PanCK",98.86,347.05
"PanCK",108.16,344.89
"CD3",294.36,345.85
"PanCK",159.24,348.81
"PanCK",80.95,346.52
"CD3",358.55,345.41
"CD3",255.41,348.08
"PanCK",143.48,348.42
"Neither",466.32,352.36
"Neither",502.6,348.81
"PanCK",129.94,348.43
"CD3",444.85,347.13
"PanCK",169.58,348.78
"PanCK",234.75,348.34
"CD3",301.3,350.97
"PanCK",64.97,347.22
"PanCK",210.16,350.52
"PanCK",269.6,350.75
"CD3: CD8",385.34,352.35
"PanCK",4.157,350.99
"PanCK",187,351.05
"CD3",196.65,350.41
"PanCK",89.36,350.43
"PanCK",108.34,351.65
"CD3",281.95,351.62
"PanCK",176.94,351.57
"Neither",314.94,350.7
"PanCK",226.49,352.64
"PanCK",121.33,351.17
"PanCK",242.24,353.15
"PanCK",69.45,352.72
"PanCK",14.51,353.55
"PanCK",218.84,353.63
"CD3: CD8",516.3,355.28
"PanCK",250.09,354.89
"Neither",417.61,352.97
"PanCK",23.59,354.27
"CD3",442.72,354.26
"CD3",235.27,356.81
"PanCK",116.1,356.78
"PanCK",58.48,356.21
"PanCK",141.37,358.34
"PanCK",202.52,357.42
"CD3",84.3,359.51
"PanCK",35.26,359.26
"PanCK",126.32,358.04
"CD3",257.41,357.63
"PanCK",133.46,358.34
"CD3",283.24,358.47
"PanCK",179.05,359.43
"PanCK",273.21,359.37
"CD3",291.06,357.73
"PanCK",413.68,361.3
"PanCK",48.71,360.3
"Neither",458.58,360.7
"PanCK",489.17,359.71
"PanCK",213.54,359.77
"PanCK",231.35,363.6
"CD3",107.62,360.68
"PanCK",155.08,359.03
"PanCK",335.03,360.79
"PanCK",264.92,359.93
"PanCK",74.04,361.92
"CD3",169.52,359.9
"PanCK",190.99,362.79
"PanCK",3.911,363.81
"CD3",244.69,363.46
"Neither",545.31,363.81
"PanCK",256.04,365.55
"CD3: CD8",348.12,364.81
"PanCK",203.25,365.9
"CD3",154.4,365.87
"PanCK",62.96,364.8
"PanCK",118.08,365.81
"PanCK",126.82,365.65
"PanCK",276.82,365.21
"CD3: CD8",428.24,367.64
"PanCK",285.69,366.42
"CD3",295.09,366.23
"CD3",307.57,365.83
"CD3",170.22,367.28
"CD3",224.06,365.51
"Neither",475.79,366.34
"PanCK",358.38,366.46
"PanCK",162.26,368.19
"PanCK",215.53,368.16
"CD3",449.46,368.11
"PanCK",489.34,366.38
"CD3: CD8",577.21,366.57
"CD3",106.93,368.73
"PanCK",134.19,368.11
"PanCK",265.54,369.72
"PanCK",55.35,366.53
"PanCK",177.48,368.75
"PanCK",24.48,369.73
"Neither",458.54,371.92
"PanCK",38.75,370.43
"PanCK",376.79,372.02
"PanCK",49.25,371.03
"PanCK",92.49,371.16
"PanCK",470.17,371.73
"PanCK",248.82,370.79
"CD3",484.7,371.51
"CD3",69.43,373.27
"PanCK",12.39,373.25
"Neither",589.79,372.9
"PanCK",184.27,372.66
"CD3",272.4,370.82
"PanCK",121.73,373.34
"PanCK",147.33,373
"CD3",280.63,371.86
"Neither",545.86,372.26
"PanCK",365.17,374
"PanCK",501.32,372.3
"PanCK",3.087,373.82
"PanCK",237.29,372.64
"Neither",537.66,372.74
"PanCK",335.29,375.23
"PanCK",191.6,374.99
"CD3",275.17,376.12
"PanCK",296.04,374.79
"PanCK",58.27,376
"PanCK",355.82,375.43
"Neither",81.83,376.78
"PanCK",285.44,376.28
"PanCK",135.49,375.24
"PanCK",223.23,376.77
"CD3",167.11,377.69
"PanCK",209.23,376.63
"CD3",108.11,377.78
"CD3",260.33,376.88
"PanCK",252.17,377.48
"PanCK",88.98,379.13
"CD3",422.59,377.78
"PanCK",175.82,378.81
"PanCK",199.22,378.92
"CD3",431.01,380.89
"Neither",543.61,380.24
"CD3",325.71,379.52
"PanCK",126.68,377.68
"Neither",497.63,379.42
"PanCK",20.33,381.35
"CD3",47.73,380.82
"PanCK",139.73,380.59
"Neither",403.61,380.71
"PanCK",38.76,381.45
"CD3",290.18,383.44
"PanCK",311.22,384.14
"CD3: CD8",358.28,383.82
"PanCK",188.59,382.83
"PanCK",236.79,382.2
"PanCK",266.93,382.44
"PanCK",158.64,384.28
"PanCK",217.61,384.29
"CD3",273.67,384.09
"CD3: CD8",414.22,382.13
"PanCK",129.82,383.55
"CD3",298.98,385.59
"CD3",69.34,384.17
"PanCK",118.3,385.7
"PanCK",258.87,386.72
"CD3",182.78,385.72
"PanCK",55.24,387.1
"PanCK",249.57,385.88
"PanCK",281.12,385.31
"CD3: CD8",396.25,385.51
"PanCK",6.905,386.56
"Neither",538.55,386.5
"CD3",422.76,385.97
"PanCK",108.77,388.28
"PanCK",174.35,388.23
"PanCK",203.57,386.6
"PanCK",498.51,389.21
"PanCK",209.3,388.94
"CD3: CD8",409.9,392.11
"PanCK",25.66,390.76
"PanCK",44.03,390.68
"PanCK",196.79,388.85
"PanCK",460.93,389.69
"PanCK",137.45,390.33
"CD3",245.32,391.39
"Neither",316.62,393.54
"PanCK",149.93,391.18
"PanCK",234.13,392.21
"Neither",343.83,391.7
"CD3: CD8",390.6,392.48
"PanCK",64.22,392.63
"PanCK",284.14,392.41
"PanCK",191.61,395.85
"PanCK",99.73,394.71
"CD3",270.23,395.01
"CD3: CD8",399.6,393.85
"PanCK",90.19,395.08
"Neither",540.26,396.1
"PanCK",223.12,393.97
"PanCK",118.32,396.42
"PanCK",296.19,395.31
"PanCK",182.64,394.84
"PanCK",4.622,395.09
"PanCK",214.47,395.95
"CD3: CD8",428.16,397.26
"PanCK",80.39,397.36
"CD3: CD8",452.38,398.49
"Neither",495.75,397.83
"CD3",287.89,398.03
"PanCK",12.5,400.24
"PanCK",245.3,399.74
"PanCK",256.97,400.34
"PanCK",46.62,400.75
"PanCK",65.66,400.34
"PanCK",155.25,399.94
"PanCK",171.28,399.47
"PanCK",1.637,398.72
"PanCK",32.38,400.17
"PanCK",105.14,402.95
"PanCK",133.66,401.37
"CD3",300.91,400.12
"PanCK",55.28,401.38
"PanCK",146.7,400.58
"PanCK",203.27,400.85
"Neither",392.92,401.53
"PanCK",279.68,402.61
"CD3",440.6,402.68
"PanCK",161.66,403.32
"CD3: CD8",370.64,405.73
"CD3",180.04,404.43
"PanCK",210.96,403.51
"PanCK",2.533,404.62
"PanCK",227.6,403.92
"PanCK",186.68,404.56
"PanCK",266.38,405.71
"CD3: CD8",408.12,406.02
"PanCK",142.4,405.79
"PanCK",94.66,404.53
"CD3",249.55,406.08
"CD3",291.21,406.04
"CD3",303.5,405.84
"CD3: CD8",426.98,406.64
"CD3",194.32,410.07
"PanCK",64.59,407.97
"PanCK",491.87,407.92
"CD3",173.99,408.66
"CD3",167.52,408.83
"PanCK",216.93,408.54
"CD3",38,408.75
"PanCK",351.95,409.03
"PanCK",111.93,407.74
"CD3",436.01,409.49
"PanCK",88.15,410.49
"CD3",301.15,412.34
"PanCK",25.04,411.18
"PanCK",134.79,408.98
"CD3",151.68,411.26
"PanCK",236.19,410.9
"PanCK",51.18,411
"PanCK",74.77,411.78
"PanCK",205.31,410.91
"PanCK",283.7,410.17
"CD3",380.03,411.04
"Neither",506.27,410.15
"Neither",543.99,412.07
"PanCK",247.52,412.19
"PanCK",272.39,413.11
"PanCK",517.58,413.79
"PanCK",140.44,413.57
"PanCK",410.89,413.6
"CD3",429.02,414.37
"CD3",105.32,417.16
"CD3",128.03,412.86
"PanCK",227.19,414.38
"Neither",320.84,414.45
"PanCK",331.01,413.3
"PanCK",293.47,416.4
"PanCK",116.17,416.02
"CD3",135.73,418.73
"PanCK",218.48,416.97
"PanCK",281.31,416.77
"PanCK",34.1,417.37
"PanCK",261.15,418.03
"Neither",481.49,415.93
"PanCK",12.9,418.54
"CD3",416.58,417.27
"Neither",539.72,418.73
"Neither",373.24,418.94
"Neither",461.83,417.95
"PanCK",200.83,418.46
"PanCK",287.34,418.36
"PanCK",126.72,420.95
"PanCK",251.3,419.37
"CD3",303.16,421.87
"PanCK",240.22,420.48
"PanCK",60.88,421.93
"CD3",422.87,423.29
"PanCK",86.25,422.74
"PanCK",442.85,424
"PanCK",212.56,422.3
"PanCK",223.89,423.04
"PanCK",270.7,421.09
"PanCK",47.45,422.9
"Neither",322.1,424.65
"PanCK",350.78,426.5
"CD3",297.43,424.18
"CD3",412.64,425.16
"CD3",477.39,424.02
"Neither",514.94,423.69
"PanCK",113.63,425.49
"PanCK",341.67,424
"PanCK",203.37,423.84
"CD3",277.53,424.71
"PanCK",494.86,425.8
"PanCK",31.91,424.78
"Neither",377.41,426.62
"CD3",289.37,428.76
"PanCK",521.87,429.29
"PanCK",74.7,427.24
"PanCK",105.61,427.72
"PanCK",121.83,427.55
"Neither",542.62,427.32
"PanCK",8.834,427.09
"PanCK",247.12,428.56
"PanCK",258.14,429.83
"PanCK",267.02,429.37
"PanCK",209.28,429.34
"Neither",534.62,429.46
"PanCK",151,430.06
"PanCK",221.32,430.78
"PanCK",199.96,431.31
"CD3: CD8",486.77,431.81
"PanCK",236.03,431.81
"PanCK",27.37,430.5
"CD3: CD8",464.66,430.16
"PanCK",275.84,432.4
"CD3",170.96,434.1
"CD3",298.75,431.85
"PanCK",214.52,434.86
"PanCK",38.26,433.88
"Neither",529.04,434.53
"PanCK",112.96,435.78
"PanCK",226.76,437.35
"CD3: CD8",360.91,435.66
"CD3",397.75,438.22
"CD3",444.6,436.07
"PanCK",92.89,434.57
"Neither",373.68,436.66
"CD3: CD8",468.06,437.45
"PanCK",85.14,436.04
"CD3",459.06,435.71
"Neither",153.43,436.88
"PanCK",160.77,441.23
"CD3",282.35,438.48
"PanCK",122.68,436.99
"Neither",477.38,438.51
"PanCK",5.885,438.83
"PanCK",73.77,439.4
"PanCK",248.68,440.1
"PanCK",26.24,438.61
"PanCK",100.23,439.82
"CD3",269.66,437.91
"CD3",204.64,442.22
"CD3: CD8",351.59,440.83
"PanCK",259.87,441.16
"PanCK",139.92,439.7
"Neither",536.18,445.37
"CD3",131.17,442.35
"CD3",213.58,441.52
"PanCK",90.68,441.99
"Neither",148.92,441.41
"CD3",275.51,444.24
"CD3",194.71,447.07
"PanCK",233.92,445.15
"CD3",390.7,446.88
"PanCK",521.7,443.52
"PanCK",110.93,446.13
"PanCK",339.88,442.55
"PanCK",54.6,446.62
"CD3",269.73,446.71
"PanCK",39.63,445.41
"CD3",332.48,447.01
"Neither",567.84,446.03
"PanCK",82.48,447.59
"CD3",211.95,447.74
"PanCK",219.66,446.09
"PanCK",27.87,447.57
"PanCK",245.07,448.91
"CD3",149.7,450.68
"PanCK",168.3,451.52
"PanCK",94.48,449.55
"CD3",262.85,448.99
"PanCK",72.18,449.58
"Neither",480.88,452.94
"PanCK",254.9,452.47
"PanCK",299.76,451
"CD3: CD8",399.1,451.48
"PanCK",35.24,453.94
"PanCK",224.17,453.81
"Neither",516.53,455.65
"PanCK",320.14,453.12
"CD3: CD8",423.84,453.53
"PanCK",65.02,454.38
"PanCK",204.45,454.75
"CD3",269.81,456.67
"CD3",263.44,454.53
"PanCK",306.97,455.91
"PanCK",238.94,455.34
"PanCK",16.18,456.23
"PanCK",83.61,456.86
"CD3",278.3,455.36
"CD3",337.84,457.37
"PanCK",196.79,457.19
"PanCK",212.19,458.28
"CD3",91.77,459.44
"CD3",381.06,457.88
"PanCK",27.44,460.12
"PanCK",100.48,458.64
"CD3",346.89,458.96
"PanCK",326.69,458.64
"PanCK",413.05,459.71
"CD3",117.32,459.82
"PanCK",356.63,460.72
"PanCK",367.67,461.41
"PanCK",189.14,459.84
"PanCK",246.74,461.74
"CD3",419.94,460.91
"PanCK",232.99,462.4
"Neither",533.23,464.34
"CD3",279.82,464.05
"CD3",260.25,462.13
"CD3",448.33,464.98
"PanCK",46.72,463.67
"PanCK",106.09,464.73
"Neither",396.25,462.16
"PanCK",12.87,465.25
"PanCK",221.6,465.02
"PanCK",307.92,465.25
"Neither",317.22,464.33
"PanCK",386.77,465.57
"Neither",472.05,465.33
"PanCK",182.24,465.88
"PanCK",331.29,465.8
"CD3",431.68,465.46
"Neither",520.4,465.14
"CD3",204.29,466.86
"PanCK",501.3,468.79
"PanCK",174.49,468.08
"PanCK",211.89,470.37
"CD3",263.4,469.64
"PanCK",347.4,471.3
"PanCK",191.39,469.99
"PanCK",141.37,470.22
"PanCK",252.63,470.01
"CD3",292.48,469.95
"Neither",516.46,475.51
"PanCK",58.81,471.34
"CD3",116.29,470.19
"PanCK",231.61,471.19
"PanCK",81.94,473.83
"Neither",365.15,471.44
"PanCK",242.98,473.9
"Neither",544.84,480.8
"Neither",278.46,474.05
"CD3",433.03,474.32
"PanCK",105.06,474.36
"CD3",478.6,476.97
"PanCK",44.93,475.85
"PanCK",221.71,473.35
"PanCK",199.24,476.93
"PanCK",111.02,477.16
"CD3",120.38,477.81
"PanCK",184.32,477.9
"PanCK",173.94,475.8
"PanCK: CD8",356.87,478.09
"PanCK",95.5,478.03
"Neither",492.51,476.4
"Neither",386.19,478.75
"PanCK",13.19,477.43
"CD3",258.7,478.5
"PanCK",232.74,477.8
"Neither",457.92,478.78
"PanCK",208.73,480.78
"PanCK",67.72,480.85
"PanCK",222.12,480.15
"Neither",336.93,480.14
"PanCK",168.05,482.39
"CD3",321.84,479.47
"CD3",246.61,481.44
"PanCK",285.77,482.97
"PanCK",56.83,483.36
"Neither",419.41,480.94
"PanCK",176.09,484.25
"Neither",491.45,483.92
"Neither",517.83,485.32
"PanCK",231.28,486.8
"PanCK",253.47,485.06
"CD3",132.39,484.45
"Neither",577.01,483.32
"PanCK",13.25,486.38
"Neither",461.71,487.97
"PanCK",119.42,487.14
"PanCK",269.4,485.84
"PanCK",102.7,487.78
"PanCK",159,489.79
"Neither",529.62,486.04
"PanCK",217.74,488.28
"Neither",572.58,487.5
"PanCK",418.81,491.01
"PanCK",181.7,490.63
"PanCK",243.13,489.23
"PanCK",259.48,489.22
"CD3: CD8",310.16,490.21
"Neither",505.18,489.88
"PanCK",148.39,491.18
"PanCK",206.64,493.05
"CD3",295.45,491.51
"PanCK",192.24,491.15
"CD3",376.31,491.85
"PanCK",5.059,490.71
"CD3",283.64,494.4
"Neither",521.9,490.44
"PanCK",138.18,494.7
"CD3",275.79,491
"PanCK",265.2,492.76
"Neither",526.85,497.39
"PanCK",370.31,492.2
"PanCK",70.1,494.23
"PanCK",110.13,496.2
"PanCK",119.55,495.29
"PanCK",251.59,493.05
"PanCK",364.86,497.27
"PanCK",13.49,495.56
"CD3",237.81,497.98
"Neither",515.91,495.18
"PanCK",92.18,496.96
"CD3",216.91,495.84
"PanCK",173.46,496.46
"CD3",229.33,498.75
"Neither",503.36,498.91
"PanCK",4.213,499.82
"CD3",128.54,497.13
"PanCK",266.43,500.84
"PanCK",164.08,499.34
"PanCK",222.36,500.06
"PanCK",247.59,499.77
"Neither",564.45,497.5
"PanCK",192.74,500.59
"CD3",301.75,501.07
"CD3",314.09,499.84
"PanCK",447.72,500.83
"PanCK",256.72,501.27
"CD3",417.92,500.39
"PanCK",29.72,501.49
"CD3",272.98,500.73
"PanCK",64.82,502.24
"Neither",535.68,502.5
"PanCK",119.63,502.16
"PanCK",294.62,502.31
"CD3",152.87,500.98
"PanCK",102.6,505.13
"CD3",280.24,504.09
"PanCK",142.86,506.07
"PanCK",214.25,503.38
"PanCK",15.62,504.85
"PanCK",424.75,502.99
"CD3",128.28,505.79
"PanCK",288.69,506.92
"PanCK",176.4,506.53
"PanCK",204.8,506.46
"PanCK",87.08,507.11
"CD3",309.92,506.64
"Neither",547.07,507.62
"PanCK",240.96,507.58
"Neither",462.64,509.41
"PanCK",2.938,507.45
"PanCK",153.45,509.54
"PanCK",229.96,510.51
"PanCK",260.2,509.18
"PanCK",193.83,510.21
"PanCK",248.88,510.51
"PanCK",316.57,511.07
"Neither",473.9,511.67
"PanCK",161.76,510.68
"PanCK",269.22,511.78
"PanCK",300.36,510.94
"PanCK",60.75,512.92
"PanCK",219.03,511.45
"PanCK",14.89,513.4
"PanCK",29.94,513.02
"CD3",210.37,510.99
"PanCK",277.8,512.85
"PanCK",73.9,513.61
"PanCK",47.23,515.04
"CD3",92.27,513.67
"Neither",325.5,513.86
"PanCK",145.03,515.65
"PanCK",284.95,514.46
"PanCK",167.46,515.2
"Neither",488.79,513.75
"PanCK",6.428,515.1
"PanCK",82.34,515.43
"PanCK",259.05,518.27
"PanCK",127.2,516.91
"PanCK",38.66,518.16
"PanCK",119.3,515.76
"PanCK",237.23,516.78
"PanCK",290.4,518.17
"PanCK",98.54,519.71
"PanCK",210.51,519.04
"PanCK",174.41,518.97
"PanCK",250.17,519.34
"PanCK",298.14,520.02
"PanCK",26,521.52
"PanCK",133.83,520.43
"Neither",406.1,519.53
"PanCK",201.93,520.66
"PanCK",341.5,521.56
"PanCK",459.54,520.95
"Neither",492,519.89
"Neither",522.12,520.08
"PanCK",243.68,522.2
"PanCK",281.92,522
"PanCK",318.92,521.66
"PanCK",3.54,522.16
"PanCK",150.86,523.03
"PanCK",219.94,522.71
"PanCK",183.1,520.86
"PanCK",271.01,523.96
"CD3",311,522.62
"PanCK",11.81,522.24
"Neither",389.96,526.53
"PanCK",111.92,525.56
"PanCK",466.74,523.25
"CD3",231.18,525.83
"PanCK",82.05,523.77
"PanCK",303.16,524.75
"PanCK",70.03,526.12
"PanCK",416.5,527.27
"PanCK",139.21,527.41
"Neither",561.85,525.97
"CD3",183.79,527.75
"PanCK",433.81,529.42
"PanCK",47.23,529.71
"CD3",276.86,530.22
"PanCK",251.62,529.3
"CD3",165.47,526.72
"PanCK",403.95,528.7
"PanCK",18.82,529.03
"Neither",518.79,529.71
"PanCK",100.33,531.37
"PanCK",35.08,531.48
"PanCK",261.4,530.78
"PanCK",285.73,531.55
"PanCK",297.16,531.63
"PanCK",205.96,532.06
"PanCK",239.76,530.54
"CD3: CD8",316.57,530.84
"PanCK",306.68,529.95
"Neither",564.87,531.26
"PanCK",25.3,530.28
"CD3",156.22,531.21
"PanCK",191.47,531.5
"PanCK",483.21,533.52
"Neither",548.31,532.35
"PanCK",84.19,535
"Neither",557.82,532.01
"PanCK",219.22,533.65
"CD3",326.52,532.88
"Neither",451.41,533.08
"CD3",166.27,534.3
"PanCK",119.43,534.85
"Neither",347.99,534.19
"PanCK",186.08,535.59
"PanCK",11.4,534.79
"PanCK",174.4,536.59
"CD3",306.69,536.77
"PanCK",24.71,536.48
"Neither",401.15,536.33
"CD3",265.93,535.05
"CD3",314.76,538.66
"Neither",427.42,536.86
"PanCK",57.19,539.72
"CD3",235.07,537.08
"Neither",564.14,540.37
"CD3",144.53,540.13
"CD3",291.67,537.41
"CD3",226.99,538.41
"PanCK",244.65,538.51
"PanCK",253.63,540.55
"PanCK",136.82,538.39
"PanCK",277.17,540.58
"PanCK",31.17,541.84
"PanCK",108.5,539.99
"PanCK",96.07,543.13
"PanCK",266.5,540.3
"PanCK",298.4,541.08
"CD3",155.5,541.54
"CD3",213.89,542.48
"PanCK",524.49,544.75
"PanCK",285.93,542
"PanCK",420.36,543.35
"PanCK",10.25,545.13
"PanCK",20.47,544.23
"PanCK",187.52,544.74
"Neither",513.28,543.87
"PanCK",39.54,544.73
"PanCK",364.04,545.97
"CD3",305.83,544.77
"CD3",230.91,544.8
"CD3",260.33,546.05
"PanCK",241.83,545.13
"PanCK",206.21,548.24
"PanCK",292.26,547.44
"Neither",509.15,550.88
"Neither",536.63,545.45
"CD3",391.55,547.86
"PanCK",66.59,547.52
"PanCK",314.68,547.66
"PanCK",167.79,545.72
"Neither",349.62,550.56
"PanCK",46.1,548.88
"PanCK",75.34,550.51
"PanCK",83.28,548.59
"CD3",134.83,548.33
"CD3",473.52,550.17
"CD3",427.99,553.68
"PanCK",272.44,550.96
"PanCK",281.2,549.14
"PanCK",34.48,551.17
"PanCK",146.21,550.25
"PanCK",219.59,550
"PanCK",234.84,551.71
"CD3",307.76,554.68
"PanCK",4.063,552.41
"PanCK",248.43,551.36
"Neither",409.06,551.13
"PanCK",54.82,553.97
"PanCK",164.73,553.1
"CD3",299.03,551.82
"PanCK",29.55,553.99
"PanCK",175.92,553.89
"CD3",286.42,553.31
"CD8",459.09,553.66
"PanCK",17.09,554.74
"PanCK",88.83,556.65
"PanCK",192.39,554.55
"PanCK",334.38,555.93
"PanCK",108.97,557.51
"PanCK",262.99,555.98
"CD3",584.06,554.87
"PanCK",98.13,558.95
"PanCK",212.99,556.49
"CD3",358.58,557.75
"PanCK",25.18,559.1
"PanCK",120.67,557.55
"PanCK",153.83,559.26
"PanCK",222.71,559.11
"PanCK",291.7,558.5
"PanCK",281.1,559.83
"PanCK",317.85,560.76
"CD3",392.1,558.52
"PanCK",133.82,560.99
"PanCK",476.09,562.21
"PanCK",247.95,560.7
"CD3: CD8",465.56,561.45
"PanCK",2.098,563.98
"CD3",585.16,563.51
"PanCK",37.11,564.17
"PanCK",272.91,563.09
"CD3",300.71,564.55
"PanCK",50.25,567.46
"PanCK",169.97,564.87
"PanCK",264.63,565.7
"PanCK",191.81,564.95
"PanCK",12.04,563.75
"PanCK",22.56,567.22
"CD3",507.4,568.6
"CD3",117.97,567.03
"CD3",388.97,568.72
"PanCK",66.6,569.69
"PanCK",228.21,565.66
"PanCK",289,566.89
"PanCK",79.67,568.54
"PanCK",31.49,571.46
"PanCK",91,570.12
"PanCK",210.48,568.07
"PanCK",17.49,569.73
"PanCK",401.9,568.19
"PanCK",250.95,568.72
"PanCK",281.58,567.98
"PanCK",359.86,568.85
"PanCK",452.06,572.59
"PanCK",240.54,569.74
"PanCK",330.16,570.82
"PanCK",372.41,571.52
"Neither",490.77,572.06
"PanCK",153.47,570.59
"CD3",277.58,573.11
"CD3",305.88,570.83
"PanCK",103.46,571.64
"PanCK",234.74,573.94
"PanCK",270.82,574.17
"PanCK",227.06,573.34
"PanCK",220.25,574.71
"PanCK",352.12,574.49
"Neither",577.35,573.72
"PanCK",178.93,574.85
"PanCK",124.97,574.49
"PanCK",188.71,574.29
"PanCK",262.34,575.72
"CD3",477.3,573.33
"CD3",286.85,574.7
"PanCK",400.02,577.35
"CD3",211.68,576.13
"PanCK",254.26,573.54
"CD3",295.56,575.77
"PanCK",200.32,575.14
"PanCK",169.35,576.72
"Neither",425.7,577.82
"Neither",515.95,574.43
"PanCK",17.71,576.51
"CD3",366.16,576.76
"CD3",303.76,578.28
"PanCK",59.06,580.41
"PanCK",76.42,579.27
"CD3",151.1,579.65
"CD3",482.15,580.63
"CD3",253.29,580.46
"PanCK",193.84,581.47
"PanCK",132.68,581.84
"CD3",235.56,581.95
"CD3",244.16,582.41
"PanCK",276.55,581.36
"CD3",286.25,582.98
"PanCK",516.36,585.2
"CD3",267.08,582.19
"CD3",229.11,584.46
"PanCK",354.34,583.05
"PanCK",94.13,585.56
"PanCK",105.62,584.05
"CD3",185.09,583.35
"PanCK",208.33,587.51
"CD3",295.83,584.68
"PanCK",218.62,586.39
"PanCK",370.19,586.2
"PanCK",213.14,583.53
"PanCK",457.74,583.91
"PanCK",28.27,585.4
"PanCK",202.22,585.84
"CD3: CD8",415.87,586.34
"PanCK",309.93,587.96
"CD3",490.02,585.04
"CD3",270.22,587.38
"PanCK",362.74,586.73
"CD3: CD8",466.47,586.39
"CD3: CD8",502.64,587.36
"CD3",476.51,587.4
"PanCK",80.97,589.71
"PanCK",176,587.93
"PanCK",301.95,587.35
"Neither",441.94,590.69
"PanCK",198.1,591.49
"PanCK",237.72,589.61
"CD3",329.7,589.91
"PanCK",255.32,588.99
"Neither",356.84,589.48
"CD3",224.59,589.68
"CD3",246.89,590.86
"PanCK",288.33,588.96
"PanCK",459.88,592.58
"Neither",316.18,593.57
"CD3",469.97,593.32
"PanCK",13.97,592.2
"PanCK",165.28,590.94
"CD3",277.35,591.16
"CD3",492.81,592.03
"PanCK",189.19,594.04
"PanCK",41.75,592.59
"PanCK",118.27,591.49
"CD3",419.37,594.25
"PanCK",49.79,595.88
"PanCK",128.11,593.86
"CD3",296.86,592.63
"PanCK",25.73,593.61
"PanCK",32.36,594.3
"PanCK",289.24,594.4
"CD3",262.9,594.2
"CD3",377.54,595.22
"PanCK",61.55,596.18
"PanCK",141.93,596.14
"PanCK",542.13,595.52
"PanCK",20.44,597.83
"CD3",253.11,597.36
"Neither",218.57,596
"PanCK",271.32,596.91
"Neither",365.57,595.5
"CD3",280.94,597.34
"PanCK",170.69,598.3
"PanCK",180.06,599.95
"PanCK",8.013,598.72
"PanCK",76.36,599.45
"CD3: CD8",474.39,602.02
"CD3",160.91,602.76
"PanCK",152.21,600.79
"CD3",289.28,601.73
"CD3",321.85,602.42
"PanCK",110.52,600.31
"Neither",430.44,600.41
"CD3",264.55,602.97
"PanCK",36.65,603.45
"PanCK",85.56,603.76
"PanCK",365.39,602.8
"PanCK",28.29,603.2
"PanCK",100.91,603.65
"CD3",348.44,603.23
"PanCK",4.611,603.73
"PanCK",395.05,603.33
"PanCK",223.37,604.13
"CD3",270.4,609.89
"CD3",373.79,605.13
"Neither",490.29,605.62
"PanCK",68.73,606.81
"PanCK",120.13,604.56
"CD3",280.31,605.44
"CD3",256.36,607.29
"CD3",455.94,604.3
"PanCK",440.55,606.5
"PanCK",58.99,606.27
"CD3",172.25,607.27
"CD3",298.16,608.89
"PanCK",23.19,610.47
"CD3",517.76,607.01
"CD3",111.09,608.93
"PanCK",52.85,607.67
"PanCK",44.68,609.94
"Neither",533.27,610.34
"PanCK",5.426,611.76
"PanCK",230.42,610.81
"PanCK",137.85,609.76
"PanCK",151.42,612.23
"PanCK",392.86,613.08
"Neither",507.23,613.15
"Neither",462.93,611.58
"CD3",497.22,614.37
"Neither",474.81,612.08
"CD3: CD8",413.63,612.73
"PanCK",279.28,612.55
"PanCK",436.61,614
"PanCK",100.89,614.07
"PanCK",74.74,614.46
"PanCK",37.75,616.53
"PanCK",121.67,615.98
"PanCK",516.69,616.37
"PanCK",174.83,615.55
"PanCK",354.42,615.95
"CD3",141.9,618.28
"PanCK",162.1,615.76
"PanCK",52.51,618.45
"PanCK",83.37,617.09
"Neither",200.57,617.96
"CD3: CD8",447.79,617.53
"PanCK",110.47,617.83
"PanCK",29.65,618.43
"Neither",234.22,617.1
"CD3",275.2,617.77
"CD3",427.59,619.07
"PanCK",343.84,621.29
"CD3: CD8",412.07,621.47
"PanCK",18.83,620.58
"CD3",438.69,621.57
"CD3: CD8",462.84,623.67
"Neither",489.44,621.53
"PanCK",12.75,623.05
"PanCK",272.67,623.03
"PanCK",23.7,623.27
"PanCK",154.17,623.16
"CD3",503.39,625.04
"Neither",523.63,622.77
"CD3",234.49,624.87
"PanCK",167.73,624.92
"PanCK",404.38,624.41
"PanCK",102.32,625.25
"PanCK",128.6,625.38
"Neither",564.82,625.39
"PanCK",213.75,626.72
"PanCK",42.17,628.03
"PanCK",62.55,626.93
"PanCK",180.87,624.86
"CD3",451.6,626.58
"PanCK",263.89,624.82
"CD3: CD8",438.02,629.94
"PanCK",354.36,627.82
"Neither",421.15,627.79
"PanCK",73.85,631.13
"PanCK",332.39,631.74
"PanCK",343.73,630.04
"CD3",263.86,632.34
"CD3",181.3,633.19
"CD3",412.82,631.47
"CD3: CD8",467.84,632.39
"CD3: CD8",448.07,633.26
"Neither",523.3,633.2
"CD3",170.69,636.87
"PanCK",94.44,635.81
"PanCK",124.3,634.31
"PanCK",29.44,637.08
"CD3",459.3,636.37
"CD3: CD8",474.73,635.02
"CD3: CD8",420.47,638.38
"CD3",255.73,639.18
"Neither",564.78,638.53
"PanCK",81.31,640.93
"PanCK",274.46,641.32
"PanCK",136.34,642.59
"Neither",406.53,643.23
"PanCK",46.81,644.73
"PanCK",165.57,648.19
"CD3: CD8",482.44,643.65
"PanCK",375.15,647.19
"PanCK",113.16,648.06
"CD3",430.87,646.62
"PanCK",189.6,649.9
"PanCK",101.22,648.82
"PanCK",438.09,649.42
"PanCK",281.66,649.48
"CD3: CD8",491.95,650.64
"PanCK",23.13,651.92
"PanCK",274.02,651.35
"CD3: CD8",455.79,651.54
"CD3: CD8",482.44,652.14
"PanCK",66.5,653.75
"PanCK",232.87,652.69
"CD3: CD8",464.01,653.78
"PanCK",342.15,655.8
"CD3: CD8",501.84,656.16
"PanCK",4.98,658.61
"PanCK",198.52,655.39
"CD3",413.99,660.52
"CD3: CD8",451.58,658.53
"PanCK",98.87,658.79
"PanCK",272.7,659.05
"PanCK",191.95,658.28
"PanCK",21.51,660.98
"CD3: CD8",461.68,660.63
"CD3",162.04,661.61
"PanCK",120.04,664.52
"CD3",439.83,664.44
"PanCK: CD8",467.96,669.33
"PanCK",30.97,665.67
"PanCK",205.91,667.79
"PanCK",111.58,667.74
"PanCK",142.42,665.88
"CD3: CD8",448.23,667.23
"Neither",484.03,666.38
"PanCK",152.04,669.13
"PanCK",101.56,667.77
"PanCK",177.35,667.19
"PanCK",55.23,668.86
"CD3: CD8",406.98,668.97
"Neither",505.17,666.91
"CD3",419.16,670.39
"Neither",490.25,671.16
"PanCK",106.43,673.24
"Neither",504.66,673.26
"Neither",568.09,1.908
"Neither",625.49,7.216
"Neither",560.17,9.406
"Neither",638.63,4.692
"Neither",710.9,10.25
"Neither",547.71,8.985
"Neither",565.27,15.5
"Neither",745.75,16.4
"Neither",735.99,20.99
"Neither",618.97,16.87
"Neither",638.25,19.55
"Neither",609.34,20.06
"Neither",683.51,22.12
"Neither",715.57,22.21
"Neither",644.35,21.56
"Neither",701.4,24.37
"Neither",645.53,28.01
"Neither",614.2,31.7
"Neither",622.11,29.16
"Neither",733.64,35.06
"Neither",642.75,35.4
"Neither",724.49,39.73
"Neither",548.39,43.41
"Neither",678.22,45.18
"Neither",641.09,41.49
"Neither",698.71,52.94
"Neither",642.64,47.3
"Neither",725.98,48.22
"Neither",657.69,48.85
"Neither",596.7,60.71
"Neither",653.77,56.34
"Neither",726.27,55.64
"Neither",665.33,56.46
"Neither",572.38,57.15
"Neither",644.44,57.93
"Neither",689.01,61.73
"Neither",727.92,65.95
"Neither",632.06,62.89
"Neither",666.72,64.88
"Neither",568.46,67.05
"Neither",650.45,68.47
"Neither",671.32,73.88
"Neither",722.25,81.27
"Neither",655.25,78.36
"Neither",633.17,78.93
"Neither",634.63,86.33
"Neither",564.77,84.44
"Neither",648.6,90.06
"Neither",659.02,89.07
"Neither",642.57,92.7
"Neither",668.7,95.39
"Neither",617.26,93.52
"Neither",714.43,100.67
"Neither",591.07,99.54
"Neither",660.14,99.18
"Neither",626.25,100.61
"Neither",684.65,101.17
"Neither",615.07,105.99
"Neither",670.61,107.07
"Neither",725.5,110.49
"Neither",640.35,106.55
"Neither",715.19,112.82
"Neither",659.15,112.33
"Neither",643.27,114.29
"Neither",614.61,118.82
"Neither",646.85,121.04
"Neither",709.18,126.82
"Neither",590.59,125.86
"Neither",638.28,124.6
"Neither",606.51,125.62
"Neither",600.89,133.86
"Neither",608.6,133.28
"Neither",637.63,134.96
"Neither",591.84,140.29
"Neither",573.36,140.65
"Neither",555.45,139.68
"Neither",612.68,140.76
"Neither",639.08,144.05
"Neither",602.78,147.46
"Neither",677.23,145
"Neither",690.84,144.8
"Neither",700.44,152.71
"Neither",605.13,155.93
"Neither",591.58,158.46
"Neither",713.79,157.44
"Neither",706.59,158.98
"Neither",610.59,162.14
"Neither",669.64,164.38
"Neither",572.43,168.35
"Neither",654.93,165
"Neither",616.82,170.99
"Neither",668.13,174.67
"Neither",652.47,176.87
"Neither",728.22,176.7
"Neither",591.28,185.28
"Neither",624.07,181.26
"Neither",575.6,187.08
"Neither",671.83,182.77
"Neither",580.17,183.08
"Neither",725.92,184.67
"Neither",617.58,188.2
"Neither",734.71,187
"Neither",631.63,192.38
"Neither",679.85,188.05
"Neither",665.89,194.52
"Neither",677.03,201.85
"Neither",683.73,193.5
"Neither",658.85,198.21
"Neither",687.56,199.32
"Neither",567.37,200.17
"Neither",585.91,203.18
"Neither",619.35,204.92
"Neither",689.45,207.38
"Neither",739.58,208.57
"Neither",694.8,207.52
"Neither",702.07,209.68
"Neither",581.66,220.3
"Neither",668.13,216.1
"Neither",695.59,215.91
"Neither",576.96,226.97
"Neither",620.11,217.87
"Neither",703.08,219.69
"Neither",681.93,219.61
"Neither",640.14,222.13
"Neither",596.86,223.08
"Neither",630.93,221.37
"Neither",711.69,225.43
"Neither",657.34,227.7
"Neither",676.37,225.53
"Neither",688.26,229.84
"Neither",591.5,230.37
"Neither",628.83,229.33
"Neither",725.2,229.08
"Neither",665.05,235.98
"Neither",649.97,235.53
"Neither",714.29,236.24
"Neither",643.15,231.83
"Neither",633.81,234.55
"Neither",674.21,232.26
"Neither",600.01,234.03
"Neither",607.2,238.71
"Neither",700.98,237.22
"Neither",641.17,239.08
"Neither",558.53,239.56
"Neither",596.22,246.2
"Neither",634.17,242.41
"Neither",568.45,242.37
"Neither",738.32,244.67
"Neither",673.97,248.28
"Neither",656.15,248.34
"Neither",616.53,245.97
"Neither",707.2,247.09
"Neither",635.94,252.62
"Neither",566.43,254.19
"Neither",646.55,250.21
"Neither",609.1,251.24
"Neither",704.1,252.65
"Neither",740.9,255.89
"Neither",711.08,255.58
"Neither",616.23,257.4
"Neither",678.53,257.47
"Neither",710.31,265.82
"Neither",597.82,260.76
"Neither",560.78,263.43
"Neither",680.54,267.04
"Neither",615.25,266.79
"Neither",606.12,269.04
"Neither",553.8,275.03
"Neither",749.06,269.33
"Neither",737.73,270.6
"Neither",599.43,274.49
"Neither",651.54,275.52
"Neither",585.99,274.08
"Neither",744.56,278.57
"Neither",586.39,282.97
"Neither",548.69,286.73
"Neither",602.66,290.88
"Neither",719.83,287.92
"Neither",674.45,287.11
"Neither",617.15,298.32
"Neither",748.27,294.7
"Neither",678.61,297.81
"Neither",714.19,296.67
"Neither",696.71,297.61
"Neither",570.28,297.17
"Neither",588.37,300.47
"Neither",727.41,299.72
"Neither",629.97,308.4
"Neither",673.64,305.13
"Neither",702.23,306.14
"Neither",685.81,306.03
"Neither",715.24,308.02
"Neither",731.51,310.92
"Neither",684.15,312.42
"Neither",674.29,314.59
"Neither",657.27,314.87
"Neither",705.86,316.6
"Neither",599.46,318.56
"Neither",623.61,319.07
"Neither",715.27,319.56
"Neither",579.04,323.78
"Neither",684.69,319.04
"Neither",721.6,317.18
"Neither",647.27,319.06
"Neither",676.44,326.06
"Neither",728.58,321.77
"Neither",737.1,322.74
"Neither",691.2,324.1
"Neither",721.3,329.53
"Neither",746,326.89
"Neither",602.18,332.6
"Neither",626.31,329.61
"Neither",565.27,332.29
"Neither",552.72,332.7
"Neither",651.78,332.17
"Neither",593.97,337.23
"Neither",667.38,337.49
"Neither",585.7,338.04
"Neither",676.05,343.77
"Neither",633.08,340.8
"PanCK",656.24,342.36
"Neither",614.39,348.01
"Neither",603.92,344.65
"Neither",686.52,346.5
"Neither",548.72,348.1
"Neither",666.87,353.02
"Neither",712.15,350.22
"Neither",637.72,358.84
"Neither",678.98,361.19
"Neither",661.48,360.6
"Neither",742.68,361.68
"CD3: CD8",602.42,362.05
"Neither",727.01,359.93
"Neither",718.02,363.58
"Neither",568.83,362.57
"Neither",562.16,366.61
"Neither",594.93,365.55
"Neither",667.23,369.29
"Neither",734.37,369.77
"Neither",643.05,375.25
"Neither",567.19,373.07
"Neither",712.55,375.1
"Neither",678.2,378.08
"Neither",684.96,373.93
"Neither",670.74,377.93
"Neither",736.5,378.07
"Neither",687.42,385.51
"Neither",604.23,384.27
"Neither",708.28,393.62
"Neither",624.71,384.42
"Neither",737.1,385.57
"Neither",746.23,385.97
"Neither",674.26,390.45
"Neither",662.52,386.51
"Neither",612.87,386.05
"Neither",631.22,393.14
"PanCK",617.78,394.12
"Neither",598.13,395.23
"Neither",671.29,397.84
"Neither",665.56,400.73
"Neither",691.48,397.82
"Neither",546.86,402.56
"Neither",629.52,403.04
"Neither",596.01,404.28
"Neither",676.9,409.01
"Neither",693.05,407.69
"Neither",611.24,409.08
"Neither",668.4,415.37
"Neither",602.17,412.64
"Neither",687.2,411.21
"Neither",564.21,413.83
"Neither",684.42,418.5
"Neither",617.29,419.37
"Neither",748.62,416.82
"Neither",592.76,416.9
"Neither",708.27,421.45
"Neither",654.55,417.63
"Neither",649.88,425.54
"Neither",661.19,423.71
"Neither",566.98,423.31
"Neither",600.53,421.93
"Neither",607.13,427.34
"Neither",595.08,425.93
"Neither",672.11,437.57
"Neither",583.53,430.54
"Neither",709.31,436.67
"Neither",596.57,433.44
"Neither",648.63,435.61
"Neither",662.1,434.7
"Neither",615.53,440.83
"Neither",601.65,441.19
"Neither",592.16,440.3
"Neither",727.52,446.97
"Neither",608.33,441.35
"Neither",694.57,441.3
"Neither",713.62,441.99
"Neither",552.77,444.88
"Neither",700.11,446.83
"Neither",623.94,449.85
"Neither",592.53,449.86
"Neither",602.29,451.51
"Neither",720.72,458.88
"Neither",670.36,453.74
"Neither",645.23,453.29
"Neither",687,464.66
"Neither",710.05,459.34
"Neither",601.13,459.79
"Neither",557.81,460.84
"Neither",651.93,462.32
"Neither",672.83,463.84
"Neither",732.43,463.99
"Neither",593.78,465.17
"Neither",656.66,471.68
"Neither",581.17,474.51
"Neither",622.62,471.03
"Neither",732.75,474.98
"Neither",679.92,477.98
"Neither",726.47,487.22
"Neither",606.41,477.26
"Neither",617.08,477.6
"Neither",627.26,479.29
"Neither",649.91,479.58
"Neither",663.59,484.02
"Neither",568.65,479.52
"Neither",636.09,480.6
"Neither",700.68,481.3
"Neither",582.59,485.84
"Neither",609.23,489.23
"Neither",654,488.33
"Neither",580.03,492.84
"Neither",705,492.17
"Neither",647.97,493.19
"Neither",713.97,492.87
"Neither",657.65,495.09
"Neither",692.62,496.59
"Neither",593.56,497.74
"Neither",603.68,499.74
"Neither",610.92,501
"Neither",636.89,507.47
"Neither",706.3,505.34
"Neither",744.89,505.96
"Neither",697.45,503.15
"Neither",713.89,502.36
"Neither",663.19,501.82
"Neither",625.59,502.67
"PanCK",562.21,505.35
"Neither",645.09,508.1
"Neither",569.83,509.11
"Neither",628.34,511.63
"Neither",698.7,513.94
"Neither",650.42,510.89
"Neither",711.55,512.89
"Neither",706.96,523.47
"Neither",724.13,517.61
"Neither",558.24,518.06
"Neither",566.77,521.67
"Neither",611.09,522.43
"Neither",586.36,523.97
"Neither",718.91,525.32
"Neither",609.46,531
"Neither",602.11,531.05
"Neither",645.33,533.74
"Neither",746.5,534.6
"Neither",637.75,542.94
"Neither",737.91,542.74
"Neither",551.49,542.83
"Neither",558.39,543.18
"Neither",706.78,543.66
"Neither",594.77,543.79
"Neither",689.77,545.3
"PanCK",671.49,549.72
"Neither",570.45,547.68
"Neither",679.95,550.93
"Neither",749.8,550.28
"Neither",578.85,548.84
"PanCK",611.51,555.89
"Neither",567.72,557.37
"Neither",602.1,559.93
"Neither",575.59,558.05
"Neither",622.74,559.55
"Neither",679.96,562.58
"Neither",594.43,570.16
"Neither",681.32,568.48
"Neither",661.13,571.01
"Neither",681.33,574.07
"Neither",644.83,574.95
"PanCK",625.7,576.32
"Neither",745.56,582.38
"Neither",733.24,582.55
"Neither",584.81,581.74
"Neither",682.65,583.28
"Neither",638.03,580
"Neither",653.61,585.74
"Neither",644.99,583.24
"Neither",628.74,587.34
"Neither",725.58,586.79
"Neither",685.37,594.57
"PanCK",602.61,592.7
"Neither",625.73,594.38
"Neither",593.81,595.97
"Neither",739.37,597.5
"PanCK",570.27,600.49
"Neither",635.65,607.12
"Neither",624.74,607.39
"Neither",745.39,609.98
"Neither",699.11,618.52
"Neither",629.21,612.81
"Neither",716.27,611.8
"Neither",634.23,620.17
"Neither",627.75,623.68
"Neither",640.09,621.83
"Neither",727.07,620.21
"Neither",720.41,627.49
"PanCK",689.89,628.79
"Neither",617.14,632.61
"Neither",650,634.93
"Neither",570.93,639.52
"PanCK",658.28,641.27
"Neither",573.8,646.62
"Neither",623.91,645.68
"Neither",558.87,655.71
"PanCK",692.58,658.37
"Neither",647.14,656.64
"Neither",717.74,660.3
"Neither",737.89,661.55
"Neither",547.88,663.44
"Neither",596.12,664.53
"Neither",721.74,668.29
"Neither",741.95,667.66
"Neither",580.26,670.4
"PanCK",90.01,627.52
"PanCK",110.8,631.07
"PanCK",149.86,632.7
"CD3",160.1,635.27
"Neither",497.89,632.57
"Neither",372.21,633.26
"CD3",249.71,632.64
"PanCK",48.47,634.31
"PanCK",84.77,634.44
"Neither",322.96,635.14
"PanCK",35.96,637.01
"Neither",552.19,638.94
"PanCK",21.96,638.4
"CD3",219.35,636.27
"PanCK",342.05,637.03
"PanCK",56.13,640.49
"PanCK",244.35,639.3
"Neither",349.58,640.13
"CD3",516.53,641.61
"CD3",388,642.22
"PanCK",126.38,642.94
"PanCK",450.54,644.65
"CD3",263.72,642.72
"CD3: CD8",398.56,642.55
"Neither",328.64,645.38
"PanCK",149.55,645.34
"PanCK",196.77,644.84
"CD3",211.7,644.75
"CD3",178.26,645.87
"PanCK",186.99,643.03
"PanCK",224.15,646.38
"PanCK",414.99,645.79
"PanCK",203.92,648.73
"Neither",340.67,646.11
"PanCK",90.29,648.05
"PanCK",306.72,650.77
"PanCK",251.93,648.73
"CD3",242.08,649.49
"PanCK",33.06,652.5
"CD3: CD8",472.01,648.98
"CD3",410.2,652.74
"PanCK",75.52,650.09
"PanCK",123.59,650.61
"PanCK",142.17,652.93
"PanCK",44.07,655.58
"CD3",396.91,654.29
"CD3",353.52,652.83
"PanCK",213.51,655.84
"PanCK",182.42,657.43
"PanCK",106.39,656.03
"PanCK",133.7,658.23
"CD3: CD8",473.48,656.42
"PanCK",247.1,656.55
"PanCK",289.74,657.66
"CD3: CD8",519.13,657.66
"PanCK",81.53,660.34
"PanCK",223.37,658.61
"PanCK",112.71,658.51
"PanCK",171.53,659.31
"CD3",241.78,660.41
"CD3",426.45,660.81
"PanCK",150.42,659.42
"PanCK",232.92,664.69
"CD3: CD8",474.8,663.43
"PanCK",199.96,662.5
"PanCK",495.33,664.43
"PanCK",63.05,665.93
"CD3",217.65,665.94
"PanCK",192.34,667.08
"CD3",538.76,668.08
"Neither",531.99,666.72
"CD3",456.77,668.7
"PanCK",47.05,669.95
"PanCK",165.82,668.94
"Neither",260.85,669.66
"PanCK",433.12,672.34
"PanCK",39.51,672.44
"PanCK",90.51,672
"CD3",244.67,672.51
"Neither",380.07,670.87
"CD3",132.46,673.51
"Neither",360.83,672.14
"PanCK",26.86,672.48
"CD3",514.87,673.42
"Neither",524.54,671.94
"PanCK",78.91,674.97
"PanCK",124.18,672.71
"PanCK",69.02,674.21
"Neither",282.21,673.06
"PanCK",307.9,675.66
"CD3",236.82,676.15
"CD3: CD8",459.85,675.9
"PanCK",62.95,679.17
"CD3: CD8",440.2,674.12
"PanCK",178.62,676.09
"CD3: CD8",448.39,678.44
"Neither",495.65,679.88
"PanCK",116.62,679.29
"PanCK",208.94,677.52
"CD3: CD8",483.12,676.43
"PanCK",531.22,676.98
"PanCK",222.17,678.96
"PanCK",34.74,680.25
"CD3",423.85,679.29
"PanCK",145.9,680.05
"CD3: CD8",410.24,679.69
"Neither",269.41,679.17
"PanCK",107.07,680.68
"CD3",465.15,681.09
"CD3: CD8",538.9,679.4
"Neither",396.48,680.64
"PanCK",503.71,680.92
"CD3",281.3,682.26
"PanCK",90.49,684.6
"PanCK",159.44,684.52
"Neither",382.58,681.6
"PanCK",71.29,681.27
"PanCK",126.71,681.72
"PanCK",233.89,682.76
"CD3",436.8,682.49
"CD3: CD8",485.53,686.99
"PanCK",29.37,684.44
"CD3",185.14,684.49
"Neither",519.34,684.11
"PanCK",137.02,684.04
"CD3: CD8",443.65,687.34
"PanCK",508.26,685.68
"PanCK",100.94,685.4
"PanCK",80.13,686.62
"Neither",530.59,689.21
"PanCK",543.71,687.08
"CD3",172.58,685.79
"Neither",552.43,687.37
"PanCK",112.82,686.77
"PanCK",216.33,688.75
"PanCK",240.45,689.36
"PanCK",228.34,689.03
"PanCK",43.36,687.25
"PanCK",74.26,689.74
"PanCK",205.53,687.17
"PanCK",249.4,686.01
"PanCK",125.97,689.43
"CD3: CD8",427.68,688.63
"PanCK",57.15,689.79
"Neither",412.62,690.21
"CD3: CD8",469.24,691.1
"CD3",197.55,690.05
"CD3: CD8",434.68,688.16
"PanCK",291.46,689.16
"CD3",358.14,689.48
"CD3",317.99,692.35
"PanCK",264.92,690.23
"PanCK",68.3,694.11
"PanCK",107.98,691.04
"CD3",452.71,694.88
"CD3",479.43,693.49
"Neither",513.5,691.02
"PanCK",135.74,692.55
"CD3",179.72,692.6
"CD3",254.07,692.92
"CD3",461.07,694.56
"PanCK",188.79,692.62
"CD3",281.93,693.27
"PanCK",170.32,695.58
"PanCK",435.76,696.31
"PanCK",118.91,695.96
"PanCK",146.49,694.54
"CD3",405.58,692.26
"Neither",308.25,693.23
"Neither",508.34,695.98
"PanCK",36.52,694.42
"PanCK",101.34,696.78
"PanCK",44.76,697.23
"PanCK",85.22,698.07
"CD3",206.26,695.73
"CD3",191.18,700.19
"Neither",592.1,696.91
"CD3",271.72,696.61
"PanCK",249.48,698.35
"CD3",389.72,698.67
"CD3",262.98,700
"CD3: CD8",406.05,700.08
"PanCK",110.54,699.93
"PanCK",159.86,699.91
"PanCK",229.59,699.21
"Neither",526.67,698.57
"CD3",179.65,702.88
"PanCK",240.65,701.95
"Neither",520.64,700.2
"PanCK",213.57,701.21
"CD3: CD8",422.97,699.52
"PanCK",60.14,702.64
"PanCK",200.56,702.42
"Neither",534.99,700.93
"PanCK",282.41,700.91
"CD3: CD8",469.8,704.13
"CD3: CD8",496.76,704.12
"CD3",292.86,701.87
"CD3: CD8",430.74,702.64
"CD3: CD8",479.49,704.1
"PanCK",16,703.08
"PanCK",35.23,703.27
"Neither",487.78,701.31
"PanCK",95.33,702.59
"PanCK",52.44,702.27
"PanCK",272.49,703.35
"PanCK",253.99,704.59
"PanCK",69.53,707.03
"CD3",224.62,706.1
"CD3: CD8",459.36,705.21
"CD3",508.36,705.54
"PanCK",149.54,704.6
"CD3",299.43,705.31
"PanCK",285.99,706.49
"PanCK",318.31,709.41
"PanCK",360.29,706
"PanCK",130.24,707.37
"CD3",447.28,708.23
"CD3",439.69,707.64
"CD3",423.19,709.15
"PanCK",55.56,709.87
"PanCK",374.83,707.1
"PanCK",79.44,708.29
"PanCK",279.06,709.18
"CD3",383.59,710.98
"PanCK",101.96,710.86
"PanCK",261.2,710.89
"PanCK",307.56,707.52
"PanCK",215.02,712.09
"PanCK",270.36,711.72
"Neither",537.15,708.15
"PanCK",160.38,710.24
"PanCK",91.87,712.86
"CD3: CD8",412.94,710.2
"CD3",454.53,710.96
"CD3",239.93,710.14
"PanCK",143.72,711.89
"PanCK",205.06,711.64
"CD3",300.96,713.3
"CD3",516.29,711.85
"PanCK",111.72,713.56
"PanCK",166.51,711.47
"PanCK",192.49,712.51
"Neither",486.5,710.98
"PanCK",366.25,712.82
"PanCK",120.34,711.82
"CD3",181.09,712.82
"PanCK",310.99,713.82
"CD3",477.75,714.39
"CD3",254.17,712.18
"PanCK",289.38,714.74
"Neither",396.68,711.82
"CD3",504.23,714.14
"PanCK",534.16,713.24
"PanCK",152.01,712.89
"CD3: CD8",468.08,714.29
"PanCK",232.37,713.88
"CD3",431.31,716.4
"PanCK",172.84,716.01
"PanCK",224.24,716.36
"CD3",524.32,715.23
"CD3",461.09,715.72
"Neither",591.7,715.78
"PanCK",373.21,717.76
"Neither",393.2,717
"CD3: CD8",442.85,720.01
"PanCK",79.66,719.67
"PanCK",200.55,718.52
"PanCK",240.34,718.65
"CD3",307.32,718.99
"CD3: CD8",422.62,719.34
"CD3: CD8",414.72,719.01
"CD3",451.71,717.75
"PanCK",68.35,717.86
"PanCK",49.65,718.03
"PanCK",251.95,718.94
"CD3",264.86,718.39
"PanCK",276.37,718.62
"Neither",577.42,717.91
"Neither",583.81,718.87
"CD3",402.06,719.69
"PanCK",56.61,719.38
"CD3",533.27,720.61
"PanCK",152.36,721.31
"PanCK",122.05,724.7
"PanCK",213.09,721.05
"PanCK",386.87,721.91
"CD3: CD8",543.01,721.86
"PanCK",183.83,721.86
"CD3",298.76,721.24
"PanCK",525.62,722.48
"PanCK",231.36,722.52
"PanCK",268.41,724.78
"PanCK",244.19,725.24
"PanCK",258.64,724.64
"PanCK",283.23,723.38
"CD3",455.73,723.76
"PanCK",135.61,726.47
"PanCK",69.61,725.49
"PanCK",160.43,725.27
"PanCK",206.53,725.08
"Neither",518.14,725.39
"CD3: CD8",433.88,727.37
"PanCK",194.87,725.22
"PanCK",290.55,725.25
"PanCK",334.98,726.52
"PanCK",95.29,726.1
"CD3",275.39,728.07
"CD3",306.48,725.07
"CD3",316.57,725.99
"CD3",468.32,727.19
"CD3",414.63,725.92
"Neither",584.73,726.94
"PanCK",75.89,726.56
"PanCK",86.47,729.46
"PanCK",105.46,728.93
"CD3",297.02,730.02
"CD3: CD8",396,726.53
"Neither",535.77,728.3
"CD3: CD8",423.47,728.64
"Neither",507.36,726.87
"CD3",449.15,729.34
"PanCK",251.61,730.71
"CD3",440.29,731.64
"CD3",309.41,730.59
"PanCK",145.1,730.1
"PanCK",175.98,729.85
"PanCK",185.26,731.49
"CD3: CD8",547.57,728.67
"Neither",526.49,730.89
"PanCK",46.36,732.67
"CD3",458.21,731.84
"Neither",502.95,733.05
"PanCK",409.77,732.53
"PanCK",151.46,733
"CD3",478.12,730.89
"PanCK",263.53,734.38
"PanCK",280.2,733.2
"Neither",393.49,733.08
"PanCK",64.11,733.98
"PanCK",193.91,733.54
"CD3: CD8",541.31,735.02
"Neither",220.87,736.5
"PanCK",76.43,738.02
"PanCK",287.44,736.49
"CD3",338.81,735.65
"PanCK",416.43,736.39
"CD3",464.14,733.9
"PanCK",242.19,733.66
"PanCK",113.75,737.66
"CD3: CD8",444.98,738.1
"CD3",200.34,735.9
"PanCK",95.62,738.99
"PanCK",159.18,735.96
"CD3",430.13,736.51
"PanCK",271.93,735.62
"PanCK",311.04,739.02
"CD3: CD8",453.19,738.64
"Neither",494.01,736.94
"CD3",478.88,740.19
"CD3",300.7,738.78
"PanCK",58.3,739
"PanCK",122.85,741.42
"PanCK",178.51,739.4
"CD3: CD8",469.26,742.95
"Neither",524.24,739.43
"PanCK",138.04,738.55
"CD3",166.92,740.02
"PanCK",250.06,740.66
"PanCK",190.67,740.39
"CD3",236.24,745.59
"CD3",458.93,740.1
"CD3: CD8",424.62,742.66
"PanCK",145.82,743.81
"PanCK",275.65,742.98
"CD3: CD8",435.49,744.04
"Neither",504.27,742.38
"PanCK",327.01,743.71
"PanCK",132.52,746.46
"PanCK",260.15,745.59
"CD3",462.64,744.03
"Neither",533.33,743.36
"PanCK",84.33,744.87
"PanCK",292.68,745.11
"CD3",410.25,745.37
"CD3: CD8",447.98,744.88
"Neither",397.43,745.22
"CD3",494.44,745.72
"CD3",514.76,744.85
"PanCK",183.21,747.58
"CD3",381.94,745.91
"CD3",418.37,746.42
"CD3",245.84,747.21
"PanCK",193.5,748.54
"Neither",530.84,749.74
"PanCK",306.46,748.87
"PanCK",335.91,749.22
"CD3",459.37,749.06
"PanCK",283.09,748.04
"CD3",503.28,748.93
"CD3",202.06,749.06
"Neither",570.33,748.51
"CD3",209.26,748.87
"Neither",741.84,631.47
"Neither",713.04,637.85
"Neither",630.82,638.11
"Neither",724.66,639.8
"Neither",744.65,641.07
"Neither",703.62,644.93
"Neither",686.52,647.93
"Neither",716.25,651.51
"Neither",650.52,650.48
"Neither",551.65,654.91
"Neither",732.12,655.7
"Neither",574.35,658.11
"CD3",583.83,660.89
"Neither",652.84,661.14
"PanCK",748.05,661.45
"Neither",729.42,669.26
"Neither",639.69,666.32
"Neither",659.01,666.49
"Neither",627.56,668.44
"Neither",711.81,668.05
"Neither",652.34,672.96
"Neither",556.5,671.05
"CD3: CD8",593.92,672.51
"Neither",740.58,672.73
"Neither",605.66,673.18
"Neither",724.17,682.76
"Neither",662.47,676.44
"Neither",561.9,676.91
"Neither",547.71,678.31
"Neither",575.3,681.72
"Neither",609.66,680.96
"Neither",737.77,685.43
"Neither",601.94,682.76
"Neither",668.57,687.71
"Neither",605.15,690.06
"Neither",680.09,688.62
"Neither",559.61,692.85
"Neither",740.55,697.96
"Neither",678.61,696.27
"Neither",569.86,696.46
"Neither",677.38,705.22
"Neither",728.03,709.57
"Neither",557.02,705.32
"Neither",682.67,709.96
"Neither",694.05,713.39
"CD3",564.99,710.58
"Neither",552.15,712.76
"Neither",687.45,714.02
"Neither",620.12,712.76
"Neither",558.49,717.95
"Neither",618.71,718.88
"Neither",653.08,722.65
"Neither",550.87,720.69
"CD3",610.19,722.99
"Neither",693.56,725.94
"Neither",593.13,727.2
"Neither",577.84,729.08
"Neither",635.93,729.07
"Neither",614.67,731.15
"Neither",602.64,732.19
"Neither",697.12,731.7
"Neither",625.96,735.08
"Neither",584.61,737.18
"Neither",552.88,735.06
"Neither",595.79,735.72
"Neither",614.3,738.87
"Neither",660.79,741.01
"Neither",686.26,740.07
"Neither",700.24,740.54
"Neither",638.41,743.14
"Neither",561.25,742.67
"Neither",598.07,743.59
"Neither",722.77,743.96
"Neither",629.99,746.77
"Neither",550.07,748.69
"Neither",704.53,748.55
